{"stats":{"minecraft:killed_by":{"minecraft:player":1,"minecraft:skeleton":2},"minecraft:killed":{"minecraft:skeleton":2,"minecraft:zombie":7},"minecraft:used":{"minecraft:wheat_seeds":10,"ars_nouveau:blue_archwood_sapling":1,"minecraft:stone_pickaxe":68,"minecraft:shield":15,"minecraft:wooden_pickaxe":3,"minecraft:iron_sword":14,"minecraft:dirt":6,"tconstruct:sledge_hammer":72,"minecraft:sand":1,"minecraft:crafting_table":1,"minecraft:carrot":71,"minecraft:spruce_fence":4,"minecraft:oak_log":1,"minecraft:apple":3,"minecraft:iron_pickaxe":3,"minecraft:bread":10,"minecraft:stone_axe":1,"minecraft:potato":2,"minecraft:cobbled_deepslate":15},"minecraft:custom":{"minecraft:interact_with_smithing_table":1,"minecraft:mob_kills":9,"minecraft:interact_with_crafting_table":5,"minecraft:open_barrel":10,"minecraft:interact_with_grindstone":1,"minecraft:leave_game":1,"minecraft:time_since_death":652,"minecraft:sleep_in_bed":4,"minecraft:climb_one_cm":7871,"minecraft:time_since_rest":686,"minecraft:sprint_one_cm":331657,"minecraft:damage_taken":6960,"minecraft:walk_one_cm":294820,"minecraft:damage_blocked_by_shield":540,"minecraft:damage_dealt":1781,"minecraft:swim_one_cm":60455,"minecraft:talked_to_villager":12,"minecraft:fly_one_cm":214706,"minecraft:open_chest":35,"minecraft:crouch_one_cm":2802,"minecraft:play_time":91316,"minecraft:deaths":6,"minecraft:sneak_time":1672,"minecraft:walk_under_water_one_cm":20336,"minecraft:jump":1881,"minecraft:interact_with_blast_furnace":1,"minecraft:walk_on_water_one_cm":27900,"minecraft:interact_with_smoker":1,"minecraft:total_world_time":91316,"minecraft:fall_one_cm":96683},"minecraft:crafted":{"minecraft:oak_planks":60,"minecraft:crafting_table":1,"minecraft:wooden_pickaxe":1,"minecraft:stone_axe":1,"minecraft:stick":12,"minecraft:iron_pickaxe":1,"minecraft:stone_pickaxe":1},"minecraft:mined":{"minecraft:tuff":14,"minecraft:farmland":2,"minecraft:deepslate_diamond_ore":1,"minecraft:lily_of_the_valley":1,"farmersdelight:wild_carrots":2,"minecraft:crafting_table":1,"minecraft:grass_block":16,"minecraft:spruce_fence":5,"minecraft:poppy":1,"minecraft:sculk_sensor":1,"minecraft:tall_grass":1,"ars_nouveau:blue_archwood_leaves":2,"minecraft:spawner":2,"minecraft:sculk_catalyst":1,"minecraft:carrots":13,"minecraft:cobbled_deepslate":1,"minecraft:wheat":11,"minecraft:fire":11,"minecraft:birch_leaves":18,"minecraft:grass":1,"minecraft:potatoes":5,"minecraft:oak_log":22,"minecraft:deepslate_iron_ore":15,"crittersandcompanions:silk_cocoon":2,"minecraft:sand":1,"minecraft:dirt":17,"minecraft:stone":6,"minecraft:oak_leaves":7,"minecraft:deepslate":38},"minecraft:picked_up":{"minecraft:charcoal":1,"minecraft:wheat":7,"minecraft:potato":8,"ars_nouveau:blue_archwood_sapling":1,"minecraft:tuff":8,"minecraft:oak_log":22,"minecraft:shield":2,"minecraft:dirt":33,"minecraft:bone":12,"tconstruct:sledge_hammer":1,"minecraft:wheat_seeds":24,"minecraft:cobbled_deepslate":40,"minecraft:rabbit_hide":6,"minecraft:stone_pickaxe":1,"minecraft:iron_pickaxe":1,"minecraft:oak_planks":42,"minecraft:birch_sapling":2,"minecraft:iron_sword":2,"minecraft:egg":2,"minecraft:stick":2,"minecraft:raw_iron":18,"minecraft:spruce_fence":4,"minecraft:sand":1,"minecraft:carrot":93,"minecraft:spider_eye":2,"minecraft:arrow":8,"minecraft:rotten_flesh":8,"minecraft:diamond":1,"crittersandcompanions:silk":12,"minecraft:bread":46,"minecraft:mutton":2,"minecraft:coal":5,"minecraft:white_wool":1,"minecraft:cobblestone":6}},"DataVersion":3120}