{"stats":{"minecraft:mined":{"tconstruct:sky_slime_crystal_block":2,"tconstruct:seared_bricks":7,"minecraft:obsidian":1,"minecraft:spruce_trapdoor":2,"minecraft:granite":16,"minecraft:grass_block":94,"minecraft:dead_tube_coral_block":1,"ars_nouveau:bastion_pod":4,"minecraft:coal_block":1,"ars_nouveau:frostaya_pod":6,"minecraft:spawner":2,"tconstruct:seared_table":10,"minecraft:tall_seagrass":1,"minecraft:raw_iron_block":4,"minecraft:magma_block":2,"minecraft:iron_ore":29,"minecraft:cobbled_deepslate":1,"minecraft:fire":30,"minecraft:pumpkin":7,"tconstruct:seared_fuel_tank":7,"ars_nouveau:archwood_slab":4,"ars_nouveau:red_archwood_log":251,"minecraft:orange_bed":1,"minecraft:deepslate_redstone_ore":5,"ars_nouveau:ritual_brazier":4,"ars_nouveau:light_block":8,"minecraft:powder_snow":7,"minecraft:clay":56,"minecraft:torch":6,"minecraft:calcite":2,"minecraft:chest":1,"twilightforest:twilight_oak_log":6,"minecraft:cobblestone":11,"minecraft:cyan_bed":4,"minecraft:oak_planks":1,"ars_nouveau:scribes_table":2,"ars_nouveau:red_archwood_leaves":111,"minecraft:wall_torch":1,"minecraft:amethyst_block":7,"minecraft:deepslate_copper_ore":2,"minecraft:seagrass":1,"ars_nouveau:green_archwood_sapling":6,"tconstruct:seared_faucet":4,"minecraft:birch_log":5,"minecraft:wheat":41,"minecraft:light_gray_wool":1,"minecraft:smooth_stone_slab":1,"minecraft:grass":30,"ars_nouveau:lava_lily":4,"minecraft:oak_log":54,"minecraft:sand":229,"minecraft:dirt":131,"minecraft:smooth_basalt":1,"tconstruct:seared_bricks_stairs":2,"ars_nouveau:red_archwood_sapling":16,"minecraft:piston":1,"minecraft:oak_leaves":146,"minecraft:deepslate":53,"ars_nouveau:blue_archwood_sapling":11,"minecraft:diamond_ore":4,"minecraft:tuff":13,"minecraft:quartz_stairs":4,"minecraft:mossy_cobblestone":2,"ars_nouveau:green_archwood_leaves":80,"create:ochrum":1,"ars_nouveau:volcanic_sourcelink":4,"farmersdelight:wild_onions":2,"ars_nouveau:magebloom_crop":5,"minecraft:carrots":10,"ars_nouveau:mendosteen_pod":4,"minecraft:andesite":82,"ars_nouveau:bombegranate_pod":8,"minecraft:gold_block":8,"ars_nouveau:agronomic_sourcelink":1,"minecraft:cobblestone_slab":1,"minecraft:deepslate_iron_ore":24,"minecraft:smooth_quartz_stairs":6,"minecraft:stone":359,"ars_nouveau:purple_archwood_log":74,"ars_nouveau:arcane_platform":1,"ars_nouveau:green_archwood_log":147,"minecraft:lily_of_the_valley":1,"minecraft:crafting_table":7,"minecraft:emerald_ore":5,"tconstruct:seared_basin":4,"minecraft:dropper":1,"minecraft:rose_bush":1,"ars_nouveau:purple_archwood_sapling":7,"minecraft:copper_ore":54,"minecraft:tall_grass":3,"ars_nouveau:source_jar":5,"ars_nouveau:alteration_table":1,"minecraft:diorite":2,"ars_nouveau:blue_archwood_leaves":74,"minecraft:spruce_stairs":3,"minecraft:coarse_dirt":1,"ars_nouveau:blue_archwood_log":199,"ars_nouveau:arcane_pedestal":33,"ars_nouveau:purple_archwood_leaves":27,"minecraft:birch_leaves":39,"ars_nouveau:magelight_torch":1,"minecraft:yellow_bed":1,"minecraft:coal_ore":92,"minecraft:gravel":270,"minecraft:stone_bricks":2,"ars_nouveau:imbuement_chamber":11,"minecraft:chipped_anvil":1},"minecraft:killed":{"twilightforest:boar":1,"minecraft:spider":5,"minecraft:skeleton":11,"minecraft:chicken":3,"minecraft:pig":1,"minecraft:zombie_villager":1,"minecraft:creeper":1,"minecraft:zombie":30,"alexsmobs:terrapin":1,"alexsmobs:fly":1,"minecraft:cow":3,"minecraft:phantom":1,"minecraft:drowned":2,"twilightforest:kobold":3,"alexsmobs:catfish":1,"alexsmobs:crow":2,"twilightforest:bighorn_sheep":1},"minecraft:picked_up":{"minecraft:iron_chestplate":2,"minecraft:wheat":50,"minecraft:yellow_wool":1,"create:wrench":1,"ars_nouveau:bombegranate_pod":29,"minecraft:amethyst_block":15,"ars_nouveau:glyph_craft":2,"minecraft:lapis_block":1,"minecraft:string":4,"minecraft:dead_tube_coral_block":2,"minecraft:raw_copper":207,"minecraft:smooth_stone_slab":1,"tconstruct:ingot_cast":5,"minecraft:gold_nugget":2,"minecraft:cobbled_deepslate":192,"minecraft:bucket":4,"minecraft:spruce_planks":31,"minecraft:rose_bush":6,"minecraft:written_book":7,"minecraft:cobblestone_slab":1,"minecraft:calcite":9,"ars_nouveau:mendosteen_pod":12,"minecraft:iron_pickaxe":2,"minecraft:coal_block":1,"minecraft:smooth_quartz_stairs":6,"minecraft:iron_boots":2,"minecraft:stick":72,"minecraft:torch":33,"minecraft:spruce_stairs":5,"minecraft:porkchop":8,"tconstruct:seared_faucet":4,"minecraft:diorite":4,"ars_nouveau:arcane_platform":1,"minecraft:orange_bed":1,"minecraft:stone_sword":1,"minecraft:rotten_flesh":43,"ars_nouveau:agronomic_sourcelink":1,"farmersdelight:onion":2,"create:ochrum":2,"ars_nouveau:imbuement_chamber":14,"minecraft:cyan_terracotta":2,"minecraft:obsidian":1,"ars_nouveau:alteration_table":2,"minecraft:cobblestone":546,"minecraft:nautilus_shell":1,"tconstruct:seared_bricks":7,"minecraft:birch_log":10,"minecraft:magma_block":2,"twilightforest:twilight_oak_log":6,"minecraft:andesite":85,"minecraft:brown_wool":1,"minecraft:potato":8,"ars_nouveau:magebloom":5,"minecraft:flint":27,"minecraft:tuff":46,"create:raw_zinc":7,"ars_nouveau:glyph_amplify":2,"ars_nouveau:scribes_table":2,"tconstruct:seared_bricks_stairs":2,"minecraft:lapis_lazuli":71,"minecraft:dirt":331,"minecraft:lantern":7,"minecraft:chipped_anvil":1,"minecraft:bone":20,"ars_nouveau:magelight_torch":1,"minecraft:bow":4,"minecraft:wheat_seeds":177,"ars_nouveau:source_gem":72,"tconstruct:pick_head_cast":1,"minecraft:raw_gold":27,"tconstruct:seared_table":10,"minecraft:moss_block":5,"ars_nouveau:ritual_brazier":4,"minecraft:oak_planks":44,"twilightforest:mushgloom":3,"ars_nouveau:glyph_ignite":1,"minecraft:oak_pressure_plate":1,"minecraft:dropper":1,"minecraft:sand":228,"twilightforest:canopy_log":7,"minecraft:ink_sac":7,"minecraft:cyan_bed":4,"minecraft:lily_of_the_valley":20,"minecraft:mossy_cobblestone":5,"ars_nouveau:apprentice_boots":1,"minecraft:iron_hoe":1,"minecraft:polished_andesite":1,"twilightforest:charm_of_keeping_1":1,"minecraft:diamond":13,"tconstruct:seared_basin":4,"minecraft:granite":12,"minecraft:spruce_sign":10,"minecraft:emerald":9,"minecraft:bread":36,"minecraft:oak_sapling":12,"ars_nouveau:arcane_pedestal":33,"twilightforest:torchberries":5,"minecraft:diamond_pickaxe":2,"ars_nouveau:red_archwood_log":258,"minecraft:coarse_dirt":2,"minecraft:crafting_table":14,"minecraft:allium":6,"minecraft:azure_bluet":8,"minecraft:chicken":5,"minecraft:clay_ball":240,"minecraft:wooden_pickaxe":1,"ars_nouveau:blue_archwood_sapling":34,"minecraft:gold_block":8,"ars_nouveau:archwood_slab":4,"minecraft:iron_axe":1,"minecraft:flint_and_steel":2,"ars_nouveau:apprentice_hood":1,"minecraft:beef":6,"tconstruct:tough_handle_sand_cast":1,"ars_nouveau:starbuncle_shards":3,"minecraft:iron_nugget":12,"minecraft:light_gray_wool":1,"minecraft:spruce_slab":1,"minecraft:quartz_stairs":4,"ars_nouveau:lava_lily":6,"minecraft:chest":1,"crittersandcompanions:clam":4,"minecraft:piston":1,"minecraft:spruce_trapdoor":4,"minecraft:egg":3,"minecraft:raw_iron":216,"ars_nouveau:purple_archwood_log":74,"ars_nouveau:purple_archwood_sapling":24,"minecraft:spruce_fence":4,"ars_nouveau:blue_archwood_log":214,"ars_nouveau:frostaya_pod":21,"minecraft:carrot":49,"minecraft:redstone":140,"ars_nouveau:starbuncle_charm":3,"twilightforest:firefly":1,"ars_nouveau:green_archwood_log":140,"minecraft:arrow":21,"minecraft:stone_shovel":1,"minecraft:mutton":3,"minecraft:white_wool":1,"minecraft:salmon":1,"minecraft:leather":2,"tconstruct:seared_fuel_tank":8,"minecraft:oak_log":73,"minecraft:yellow_bed":1,"minecraft:gunpowder":35,"tconstruct:sky_slime_crystal_block":21,"ars_nouveau:apprentice_robes":1,"ars_nouveau:green_archwood_sapling":19,"minecraft:apple":2,"minecraft:stone_bricks":2,"tconstruct:sledge_hammer":1,"minecraft:stone_pickaxe":4,"minecraft:iron_sword":2,"minecraft:smooth_basalt":6,"ars_nouveau:source_jar":5,"minecraft:pumpkin":7,"ars_nouveau:red_archwood_sapling":40,"minecraft:raw_iron_block":4,"ars_nouveau:novice_spell_book":1,"minecraft:gravel":310,"minecraft:lava_bucket":1,"ars_nouveau:dominion_wand":3,"ars_nouveau:bastion_pod":10,"minecraft:amethyst_shard":21,"tconstruct:large_plate":1,"minecraft:spruce_door":1,"minecraft:spider_eye":2,"ars_nouveau:apprentice_leggings":1,"ars_nouveau:glyph_light":1,"ars_nouveau:volcanic_sourcelink":4,"alexsmobs:raw_catfish":2,"minecraft:slime_ball":1,"minecraft:stone_axe":1,"ars_nouveau:source_gem_block":2,"minecraft:iron_helmet":2,"minecraft:baked_potato":1,"minecraft:coal":124,"ars_nouveau:magebloom_crop":12},"minecraft:dropped":{"minecraft:porkchop":6,"minecraft:lapis_lazuli":1,"minecraft:oak_pressure_plate":1,"minecraft:oak_log":1,"minecraft:baked_potato":1,"minecraft:diamond":1,"tconstruct:seared_fuel_tank":1,"minecraft:cyan_terracotta":2,"minecraft:dirt":67,"ars_nouveau:imbuement_chamber":1,"ars_nouveau:source_jar":1,"twilightforest:firefly":1,"farmersdelight:onion":2,"minecraft:gold_nugget":4,"minecraft:sand":2,"minecraft:birch_log":10,"minecraft:bone":2,"minecraft:gravel":46,"minecraft:iron_nugget":7,"minecraft:wheat":3,"minecraft:rotten_flesh":9,"minecraft:carrot":19,"minecraft:rabbit_hide":2,"tconstruct:sledge_hammer":2,"minecraft:dropper":1,"tconstruct:tough_handle_sand_cast":1,"tconstruct:excavator":1,"minecraft:arrow":1,"minecraft:beef":3,"ars_nouveau:dominion_wand":2,"minecraft:dead_tube_coral_block":2,"minecraft:egg":1,"minecraft:bread":1,"twilightforest:charm_of_keeping_1":1,"minecraft:wheat_seeds":61,"minecraft:mossy_cobblestone":4,"minecraft:cobblestone":1,"minecraft:apple":1,"minecraft:granite":1,"minecraft:stick":47,"ars_nouveau:bombegranate_pod":2,"minecraft:torch":1,"minecraft:pumpkin":4,"minecraft:bucket":4,"minecraft:raw_copper":2,"ars_nouveau:archwood_planks":3,"tconstruct:tool_binding_sand_cast":3,"minecraft:stone_shovel":1,"minecraft:clay_ball":1,"minecraft:lily_of_the_valley":1,"ars_nouveau:starbuncle_charm":2,"minecraft:potato":3,"minecraft:cobblestone_slab":1,"minecraft:spruce_trapdoor":2,"minecraft:oak_sapling":2,"minecraft:stone_bricks":1,"minecraft:bow":1,"minecraft:stone_pickaxe":1},"minecraft:broken":{"minecraft:wooden_axe":1,"minecraft:stone_shovel":1},"minecraft:crafted":{"minecraft:oak_planks":92,"ars_nouveau:archwood_planks":96,"tconstruct:broad_blade":1,"tconstruct:pick_head":1,"minecraft:stone":71,"tconstruct:tool_binding":1,"minecraft:cooked_mutton":2,"tconstruct:seared_melter":1,"minecraft:glass":22,"minecraft:iron_boots":1,"tconstruct:broad_axe":2,"tconstruct:broad_axe_head":1,"tconstruct:seared_brick":460,"minecraft:chest":4,"tconstruct:seared_fuel_tank":1,"tconstruct:seared_ingot_tank":1,"tconstruct:small_axe_head":1,"alexsmobs:cooked_catfish":2,"ars_nouveau:enchanting_apparatus":1,"tconstruct:seared_glass":2,"minecraft:stone_bricks":16,"tconstruct:tough_handle":1,"ars_nouveau:magelight_torch":2,"ars_nouveau:arcane_core":1,"minecraft:crafting_table":1,"minecraft:iron_helmet":1,"minecraft:baked_potato":39,"tconstruct:tool_handle":1,"ars_nouveau:source_jar":3,"tconstruct:rose_gold_block":3,"minecraft:copper_ingot":19,"minecraft:gold_block":3,"ars_nouveau:ritual_brazier":1,"tconstruct:tool_binding_sand_cast":4,"minecraft:iron_chestplate":1,"minecraft:diamond_pickaxe":2,"minecraft:stick":56,"minecraft:iron_ingot":95,"minecraft:iron_pickaxe":3,"minecraft:gold_ingot":120,"tconstruct:seared_bricks":90,"ars_nouveau:scribes_table":2,"tconstruct:large_plate":1,"tconstruct:seared_fuel_gauge":1,"tconstruct:pattern":21,"minecraft:coal":9,"minecraft:raw_iron":36,"minecraft:stone_shovel":1,"ars_nouveau:volcanic_sourcelink":1,"tconstruct:part_builder":1,"tconstruct:round_plate":1,"ars_nouveau:magebloom_fiber":20,"tconstruct:repair_kit":1,"tconstruct:seared_basin":1,"minecraft:bone_meal":9,"ars_nouveau:archwood_slab":48,"minecraft:flint_and_steel":2,"tconstruct:tinker_station":2,"tconstruct:seared_bricks_stairs":4,"ars_nouveau:source_gem_block":1,"ars_nouveau:novice_spell_book":4,"ars_nouveau:arcane_platform":1,"twilightforest:twilight_oak_planks":24,"minecraft:iron_axe":4,"minecraft:iron_hoe":1,"tconstruct:seared_table":1,"undergarden:catalyst":1,"ars_nouveau:agronomic_sourcelink":2,"minecraft:cooked_beef":5,"minecraft:red_dye":2,"ars_nouveau:source_gem":8,"ars_nouveau:imbuement_chamber":2,"tconstruct:tinkers_anvil":1,"tconstruct:excavator":1,"minecraft:iron_sword":3,"ars_nouveau:ritual_awakening":3,"minecraft:bucket":5,"tconstruct:hammer_head":1,"tconstruct:seared_drain":1,"minecraft:bread":14,"minecraft:air":0,"minecraft:jungle_planks":16,"tconstruct:seared_heater":1,"ars_nouveau:sourcestone":48,"tconstruct:tough_handle_sand_cast":4,"minecraft:gold_nugget":63,"tconstruct:crafting_station":2,"minecraft:wooden_axe":1,"minecraft:iron_shovel":4,"tconstruct:seared_ladder":4,"tconstruct:seared_faucet":3,"minecraft:iron_leggings":1,"ars_nouveau:alteration_table":1,"minecraft:torch":56,"tconstruct:grout":478,"tconstruct:sledge_hammer":2},"minecraft:used":{"minecraft:iron_shovel":211,"ars_nouveau:magebloom_crop":12,"minecraft:chest":5,"minecraft:iron_sword":37,"minecraft:rotten_flesh":6,"tconstruct:seared_fuel_tank":8,"ars_nouveau:red_archwood_sapling":21,"tconstruct:sledge_hammer":10,"minecraft:lily_of_the_valley":7,"minecraft:carrot":133,"minecraft:allium":6,"minecraft:tuff":1,"minecraft:azure_bluet":5,"ars_nouveau:bombegranate_pod":2,"ars_nouveau:alteration_table":3,"minecraft:lava_bucket":2,"ars_nouveau:ritual_brazier":5,"minecraft:lantern":1,"tconstruct:seared_faucet":6,"tconstruct:broad_axe":80,"ars_nouveau:green_archwood_sapling":8,"minecraft:stone_bricks":15,"tconstruct:tinkers_anvil":1,"minecraft:written_book":4,"minecraft:furnace":2,"minecraft:cooked_cod":2,"tconstruct:smeltery_controller":1,"minecraft:egg":1,"minecraft:potato":1,"minecraft:diorite":2,"tconstruct:seared_bricks_stairs":6,"minecraft:spruce_door":1,"ars_nouveau:blue_archwood_sapling":15,"minecraft:oak_planks":35,"ars_nouveau:mendosteen_pod":4,"undergarden:catalyst":1,"ars_nouveau:agronomic_sourcelink":3,"ars_nouveau:enchanting_apparatus":1,"ars_nouveau:purple_archwood_sapling":14,"minecraft:bread":42,"minecraft:cyan_bed":3,"tconstruct:seared_ingot_tank":1,"tconstruct:crafting_station":1,"minecraft:andesite":3,"minecraft:smooth_stone_slab":1,"minecraft:bone_meal":9,"minecraft:stone_sword":53,"ars_nouveau:arcane_core":1,"minecraft:carved_pumpkin":1,"ars_nouveau:dominion_wand":5,"minecraft:stone_shovel":131,"minecraft:spruce_planks":11,"minecraft:cooked_salmon":2,"ars_nouveau:archwood_slab":31,"minecraft:orange_bed":1,"tconstruct:seared_drain":1,"minecraft:torch":70,"minecraft:dirt":111,"ars_nouveau:bastion_pod":5,"tconstruct:seared_bricks":22,"tconstruct:seared_ladder":4,"tconstruct:seared_heater":1,"minecraft:granite":5,"tconstruct:gold_bars":1,"minecraft:iron_hoe":9,"minecraft:wooden_axe":65,"minecraft:chipped_anvil":1,"ars_nouveau:starbuncle_charm":1,"ars_nouveau:frostaya_pod":1,"minecraft:iron_axe":82,"tconstruct:tinker_station":1,"ars_nouveau:imbuement_chamber":13,"ars_nouveau:arcane_platform":1,"minecraft:cooked_beef":4,"tconstruct:part_builder":1,"minecraft:cobbled_deepslate":5,"minecraft:wheat_seeds":41,"minecraft:cooked_mutton":2,"minecraft:water_bucket":16,"minecraft:amethyst_block":4,"minecraft:baked_potato":12,"minecraft:crafting_table":7,"tconstruct:seared_basin":5,"minecraft:diamond_pickaxe":389,"minecraft:oak_log":4,"minecraft:apple":31,"ars_nouveau:source_jar":7,"ars_nouveau:arcane_pedestal":39,"tconstruct:seared_table":11,"minecraft:iron_pickaxe":385,"minecraft:map":1,"ars_nouveau:volcanic_sourcelink":5,"minecraft:spruce_trapdoor":2,"minecraft:cobblestone":76,"tconstruct:seared_melter":1,"ars_nouveau:magelight_torch":3,"minecraft:bucket":22,"tconstruct:sky_slime_crystal_block":21,"minecraft:yellow_bed":1,"alexsmobs:animal_dictionary":1,"ars_nouveau:scribes_table":3,"tconstruct:seared_glass":2},"minecraft:custom":{"minecraft:interact_with_crafting_table":131,"minecraft:open_barrel":93,"minecraft:leave_game":32,"minecraft:time_since_death":381564,"minecraft:sprint_one_cm":2073234,"minecraft:drop":100,"minecraft:talked_to_villager":5,"minecraft:play_time":969634,"minecraft:deaths":6,"minecraft:jump":8612,"minecraft:walk_on_water_one_cm":272537,"minecraft:interact_with_furnace":131,"minecraft:interact_with_cartography_table":1,"minecraft:sleep_in_bed":28,"minecraft:damage_dealt":11680,"minecraft:player_kills":1,"minecraft:crouch_one_cm":11320,"minecraft:inspect_dropper":1,"minecraft:mob_kills":78,"minecraft:damage_dealt_resisted":52,"minecraft:climb_one_cm":43748,"minecraft:walk_one_cm":2410490,"minecraft:sneak_time":8076,"minecraft:walk_under_water_one_cm":249553,"minecraft:interact_with_blast_furnace":3,"minecraft:total_world_time":998417,"minecraft:time_since_rest":273001,"minecraft:damage_taken":8443,"minecraft:swim_one_cm":970451,"minecraft:fly_one_cm":1024300,"minecraft:open_chest":547,"minecraft:fall_one_cm":185083}},"DataVersion":3120}