{"stats":{"minecraft:mined":{"minecraft:tuff":1,"minecraft:quartz_stairs":4,"tconstruct:seared_bricks":7,"minecraft:brewing_stand":1,"minecraft:spruce_trapdoor":2,"minecraft:granite":17,"minecraft:grass_block":28,"minecraft:dead_tube_coral_block":1,"ars_nouveau:bastion_pod":2,"minecraft:coal_block":1,"ars_nouveau:frostaya_pod":3,"minecraft:spawner":3,"tconstruct:seared_table":15,"minecraft:tall_seagrass":2,"minecraft:raw_iron_block":4,"minecraft:magma_block":1,"ars_nouveau:mendosteen_pod":1,"minecraft:iron_ore":43,"minecraft:andesite":30,"ars_nouveau:bombegranate_pod":3,"minecraft:pumpkin":3,"tconstruct:seared_fuel_tank":8,"minecraft:gold_block":8,"minecraft:cobblestone_slab":1,"minecraft:smooth_quartz_stairs":6,"minecraft:stone":272,"minecraft:orange_bed":1,"ars_nouveau:green_archwood_log":14,"minecraft:soul_sand":8,"minecraft:lily_of_the_valley":1,"minecraft:powder_snow":7,"minecraft:clay":26,"minecraft:crafting_table":5,"minecraft:torch":2,"minecraft:emerald_ore":5,"tconstruct:seared_basin":4,"minecraft:chest":1,"minecraft:copper_ore":30,"minecraft:tall_grass":1,"minecraft:cobblestone":13,"minecraft:lapis_ore":2,"minecraft:cyan_bed":5,"ars_nouveau:scribes_table":1,"minecraft:diorite":1,"minecraft:deepslate_copper_ore":2,"minecraft:skeleton_skull":1,"minecraft:spruce_stairs":3,"ars_nouveau:blue_archwood_log":1,"tconstruct:seared_faucet":9,"minecraft:birch_log":5,"minecraft:wheat":37,"minecraft:birch_leaves":9,"minecraft:light_gray_wool":1,"minecraft:yellow_bed":1,"minecraft:grass":9,"minecraft:coal_ore":72,"minecraft:oak_log":34,"minecraft:zombie_head":1,"minecraft:gravel":202,"minecraft:sand":127,"minecraft:dirt":38,"tconstruct:seared_bricks_stairs":2,"ars_nouveau:imbuement_chamber":2,"minecraft:piston":1,"minecraft:oak_leaves":32,"minecraft:deepslate":65},"minecraft:picked_up":{"tconstruct:tough_handle_cast":2,"minecraft:iron_chestplate":1,"minecraft:coarse_dirt":2,"minecraft:crafting_table":6,"minecraft:wheat":40,"minecraft:light_blue_concrete":1,"minecraft:chicken":5,"minecraft:clay_ball":104,"minecraft:lead":1,"minecraft:gold_block":9,"ars_nouveau:bombegranate_pod":8,"minecraft:brewing_stand":1,"minecraft:blue_concrete":1,"minecraft:dead_tube_coral_block":2,"minecraft:raw_copper":125,"minecraft:iron_axe":1,"minecraft:iron_shovel":1,"minecraft:zombie_head":2,"tconstruct:ingot_cast":4,"minecraft:gold_nugget":1,"minecraft:cobbled_deepslate":73,"minecraft:spruce_planks":31,"ars_nouveau:starbuncle_shards":3,"minecraft:cobblestone_slab":1,"ars_nouveau:mendosteen_pod":3,"minecraft:iron_nugget":15,"minecraft:iron_pickaxe":2,"minecraft:light_gray_wool":1,"minecraft:spruce_slab":1,"minecraft:quartz_stairs":4,"minecraft:coal_block":1,"minecraft:chest":1,"minecraft:spruce_trapdoor":4,"minecraft:smooth_quartz_stairs":6,"minecraft:piston":1,"minecraft:iron_boots":1,"minecraft:egg":1,"minecraft:raw_iron":49,"minecraft:stick":14,"minecraft:torch":16,"minecraft:spruce_stairs":5,"ars_nouveau:blue_archwood_log":1,"minecraft:porkchop":6,"ars_nouveau:frostaya_pod":9,"tconstruct:seared_faucet":9,"minecraft:diorite":1,"minecraft:carrot":5,"minecraft:dark_oak_planks":1,"ars_nouveau:green_archwood_log":14,"minecraft:orange_bed":1,"minecraft:stone_sword":1,"minecraft:arrow":4,"minecraft:stone_shovel":1,"minecraft:rotten_flesh":41,"ars_nouveau:imbuement_chamber":2,"minecraft:cyan_terracotta":2,"minecraft:skeleton_skull":1,"minecraft:cobblestone":464,"tconstruct:seared_bricks":7,"minecraft:birch_log":5,"minecraft:magma_block":1,"minecraft:andesite":30,"minecraft:potato":1,"tconstruct:seared_fuel_tank":8,"minecraft:flint":20,"minecraft:tuff":1,"minecraft:oak_log":52,"minecraft:yellow_bed":1,"minecraft:gunpowder":33,"ars_nouveau:scribes_table":1,"tconstruct:seared_bricks_stairs":2,"minecraft:lapis_lazuli":43,"minecraft:dirt":128,"minecraft:lantern":4,"minecraft:bone":5,"minecraft:stone_bricks":4,"minecraft:apple":2,"minecraft:wheat_seeds":107,"ars_nouveau:source_gem":16,"minecraft:raw_gold":4,"minecraft:stone_pickaxe":2,"tconstruct:seared_table":16,"minecraft:glowstone_dust":6,"minecraft:moss_block":5,"minecraft:soul_sand":8,"minecraft:iron_sword":2,"minecraft:oak_planks":33,"minecraft:pumpkin":3,"minecraft:oak_pressure_plate":1,"minecraft:raw_iron_block":4,"ars_nouveau:novice_spell_book":1,"minecraft:gravel":231,"ars_nouveau:bastion_pod":4,"minecraft:sand":123,"minecraft:ink_sac":7,"minecraft:cyan_bed":5,"minecraft:grass_block":1,"minecraft:lily_of_the_valley":1,"minecraft:spruce_door":1,"minecraft:mossy_cobblestone":4,"minecraft:iron_hoe":1,"alexsmobs:raw_catfish":2,"minecraft:slime_ball":1,"tconstruct:seared_basin":4,"minecraft:iron_helmet":1,"minecraft:granite":17,"minecraft:spruce_sign":10,"minecraft:emerald":5,"minecraft:bread":39,"minecraft:baked_potato":1,"minecraft:oak_sapling":6,"minecraft:coal":82,"minecraft:ender_pearl":1},"minecraft:broken":{"minecraft:stone_sword":1,"minecraft:stone_shovel":1},"minecraft:used":{"minecraft:iron_shovel":213,"minecraft:stone_sword":73,"minecraft:stone_shovel":131,"minecraft:chest":1,"minecraft:spruce_planks":11,"minecraft:iron_sword":37,"minecraft:rotten_flesh":21,"minecraft:cooked_salmon":2,"tconstruct:seared_drain":1,"minecraft:orange_bed":1,"tconstruct:seared_fuel_tank":9,"minecraft:torch":16,"minecraft:dirt":87,"ars_nouveau:bastion_pod":5,"tconstruct:seared_ladder":4,"minecraft:carrot":4,"minecraft:blue_concrete":1,"tconstruct:seared_bricks":22,"tconstruct:seared_heater":1,"tconstruct:gold_bars":1,"ars_nouveau:bombegranate_pod":2,"minecraft:wooden_axe":6,"ars_nouveau:frostaya_pod":1,"minecraft:iron_axe":63,"minecraft:grass_block":1,"tconstruct:tinker_station":1,"tconstruct:seared_faucet":12,"ars_nouveau:imbuement_chamber":4,"tconstruct:tinkers_anvil":1,"minecraft:furnace":2,"minecraft:cooked_cod":2,"tconstruct:smeltery_controller":1,"tconstruct:part_builder":1,"minecraft:wheat_seeds":37,"alexsmobs:cooked_catfish":2,"minecraft:water_bucket":2,"tconstruct:seared_bricks_stairs":6,"minecraft:spruce_door":1,"minecraft:stone_pickaxe":9,"minecraft:baked_potato":5,"minecraft:oak_planks":2,"minecraft:crafting_table":4,"tconstruct:seared_basin":5,"minecraft:oak_log":4,"minecraft:diamond_pickaxe":108,"minecraft:apple":28,"minecraft:iron_pickaxe":383,"minecraft:map":1,"tconstruct:seared_table":18,"minecraft:bread":43,"minecraft:cyan_bed":4,"tconstruct:seared_ingot_tank":1,"minecraft:spruce_trapdoor":2,"tconstruct:seared_melter":1,"minecraft:cobblestone":82,"minecraft:cooked_porkchop":3,"tconstruct:crafting_station":1,"minecraft:andesite":3,"minecraft:bucket":5,"tconstruct:cleaver":64,"minecraft:yellow_bed":1,"alexsmobs:animal_dictionary":1,"ars_nouveau:scribes_table":2,"tconstruct:seared_glass":2},"minecraft:killed":{"minecraft:skeleton":3,"minecraft:chicken":3,"minecraft:drowned":1,"minecraft:pig":1,"minecraft:creeper":1,"alexsmobs:catfish":2,"minecraft:zombie":36,"alexsmobs:terrapin":2},"minecraft:dropped":{"minecraft:bread":1,"minecraft:porkchop":3,"minecraft:oak_log":1,"minecraft:baked_potato":1,"minecraft:mossy_cobblestone":4,"minecraft:apple":1,"minecraft:cyan_terracotta":2,"minecraft:dirt":11,"ars_nouveau:bombegranate_pod":2,"minecraft:gold_nugget":4,"minecraft:iron_shovel":1,"minecraft:gravel":44,"minecraft:iron_nugget":5,"minecraft:raw_iron":7,"minecraft:wheat":2,"minecraft:stone_shovel":1,"minecraft:rotten_flesh":4,"minecraft:carrot":1,"minecraft:lily_of_the_valley":1,"minecraft:cobblestone_slab":1,"minecraft:spruce_trapdoor":2,"minecraft:stone_pickaxe":1,"minecraft:dead_tube_coral_block":2,"minecraft:egg":1},"minecraft:crafted":{"tconstruct:pattern":30,"minecraft:oak_planks":28,"minecraft:raw_iron":36,"minecraft:stone_shovel":1,"minecraft:coal":9,"tconstruct:part_builder":1,"ars_nouveau:archwood_planks":16,"tconstruct:round_plate":1,"tconstruct:hammer_head_sand_cast":4,"tconstruct:repair_kit":3,"tconstruct:broad_blade":1,"tconstruct:pick_head":1,"tconstruct:maille":1,"tconstruct:tool_binding":1,"tconstruct:seared_basin":1,"tconstruct:tinker_station":2,"tconstruct:seared_melter":1,"tconstruct:seared_bricks_stairs":4,"minecraft:glass":16,"ars_nouveau:novice_spell_book":2,"tconstruct:plate_chestplate":1,"minecraft:iron_axe":3,"tconstruct:seared_table":2,"tconstruct:broad_axe_head":1,"tconstruct:seared_brick":194,"tconstruct:seared_fuel_tank":1,"tconstruct:seared_ingot_tank":1,"tconstruct:small_axe_head":1,"alexsmobs:cooked_catfish":2,"tconstruct:seared_glass":2,"tconstruct:tough_handle":1,"tconstruct:chestplate_plating_sand_cast":4,"tconstruct:helmet_plating_sand_cast":4,"minecraft:cooked_porkchop":3,"minecraft:crafting_table":1,"ars_nouveau:imbuement_chamber":2,"tconstruct:tinkers_anvil":1,"minecraft:baked_potato":9,"minecraft:iron_sword":2,"tconstruct:tool_handle":1,"tconstruct:rose_gold_block":3,"minecraft:copper_ingot":19,"minecraft:gold_block":3,"tconstruct:hammer_head":1,"minecraft:bucket":5,"minecraft:birch_planks":20,"tconstruct:seared_drain":1,"minecraft:bread":12,"minecraft:air":0,"minecraft:jungle_planks":16,"tconstruct:seared_heater":1,"tconstruct:leggings_plating_sand_cast":4,"minecraft:diamond_pickaxe":1,"minecraft:gold_nugget":9,"tconstruct:crafting_station":2,"minecraft:stick":40,"minecraft:iron_ingot":51,"minecraft:iron_pickaxe":2,"tconstruct:seared_ladder":4,"tconstruct:seared_faucet":3,"minecraft:iron_shovel":4,"minecraft:gold_ingot":99,"tconstruct:boots_plating_sand_cast":4,"tconstruct:seared_bricks":29,"ars_nouveau:scribes_table":1,"tconstruct:cleaver":2,"tconstruct:large_plate":1,"tconstruct:seared_fuel_gauge":1,"tconstruct:sledge_hammer":1,"tconstruct:grout":194},"minecraft:custom":{"minecraft:mob_kills":61,"minecraft:interact_with_crafting_table":77,"minecraft:open_barrel":83,"minecraft:damage_dealt_resisted":52,"minecraft:leave_game":24,"minecraft:time_since_death":97815,"minecraft:climb_one_cm":27996,"minecraft:sprint_one_cm":1160693,"minecraft:walk_one_cm":1620558,"minecraft:drop":32,"minecraft:talked_to_villager":6,"minecraft:play_time":570547,"minecraft:sneak_time":3911,"minecraft:deaths":6,"minecraft:walk_under_water_one_cm":157840,"minecraft:jump":4674,"minecraft:interact_with_blast_furnace":3,"minecraft:walk_on_water_one_cm":180739,"minecraft:total_world_time":599330,"minecraft:interact_with_furnace":78,"minecraft:interact_with_cartography_table":1,"minecraft:sleep_in_bed":25,"minecraft:time_since_rest":78751,"minecraft:damage_taken":6264,"minecraft:damage_dealt":7993,"minecraft:swim_one_cm":456838,"minecraft:fly_one_cm":378952,"minecraft:crouch_one_cm":5838,"minecraft:open_chest":377,"minecraft:fall_one_cm":99370}},"DataVersion":3120}