{"stats":{"minecraft:crafted":{"minecraft:oak_planks":114,"gamma_beasts:red_maple_planks":148,"ars_nouveau:archwood_planks":12,"aether:zanite_pickaxe":1,"minecraft:diamond_helmet":1,"tfmg:lithium_ingot":12,"minecraft:diamond_leggings":1,"minecraft:iron_boots":2,"minecraft:chest":1,"ars_nouveau:apprentice_spell_book":3,"alexscaves:cave_book":1,"minecraft:cooked_porkchop":3,"minecraft:diamond_axe":1,"minecraft:iron_helmet":1,"minecraft:brewing_stand":1,"minecraft:book":2,"minecraft:iron_chestplate":1,"minecraft:charcoal":6,"minecraft:shield":3,"minecraft:stick":16,"minecraft:iron_ingot":73,"minecraft:gold_ingot":64,"minecraft:jukebox":1,"ars_nouveau:archwood_pressure_plate":1,"ars_nouveau:magebloom_fiber":16,"minecraft:furnace":2,"minecraft:yellow_bed":1,"minecraft:bone_meal":6,"alexscaves:cave_map":1,"ars_nouveau:source_berry_roll":9,"minecraft:diamond":9,"minecraft:diamond_boots":1,"minecraft:dark_oak_planks":6,"minecraft:wheat":324,"aether:skyroot_planks":8,"minecraft:sugar":2,"minecraft:red_dye":5,"ars_nouveau:arcanist_leggings":2,"gamma_beasts:prehnite_axe":1,"ars_nouveau:arcanist_robes":2,"ars_nouveau:arcanist_boots":2,"minecraft:bucket":3,"ars_nouveau:arcanist_hood":2,"gamma_beasts:red_maple_pressure_plate":1,"minecraft:air":0,"minecraft:bread":94,"minecraft:blue_dye":1,"minecraft:gold_nugget":9,"minecraft:fermented_spider_eye":1,"minecraft:iron_leggings":1,"minecraft:torch":16,"minecraft:diamond_chestplate":1},"minecraft:used":{"minecraft:spruce_slab":1,"ars_nouveau:magebloom_crop":6,"minecraft:poppy":1,"minecraft:decorated_pot":2,"minecraft:chest":3,"minecraft:shield":102,"minecraft:iron_sword":40,"minecraft:nether_wart":10,"minecraft:smooth_sandstone_stairs":2,"minecraft:soul_sand":11,"minecraft:nether_bricks":8,"minecraft:carrot":72,"gamma_beasts:prehnite_pickaxe":176,"design_decor:copper_lamp":2,"minecraft:packed_ice":39,"tfmg:deepslate_lithium_ore":12,"minecraft:grass_block":32,"creategoggles:goggle_iron_helmet":1,"minecraft:lantern":6,"create:scoria":15,"minecraft:golden_sword":46,"aether:white_apple":2,"minecraft:deepslate_diamond_ore":10,"minecraft:oak_sapling":5,"ars_nouveau:sourceberry_bush":2,"gamma_beasts:red_maple_planks":1,"minecraft:hay_block":2,"minecraft:furnace":3,"minecraft:egg":4,"minecraft:polished_blackstone_stairs":1,"gamma_beasts:coconut":7,"minecraft:oak_planks":34,"aether:mossy_holystone":1,"gamma_beasts:deepslate_prehnite_ore":7,"minecraft:sandstone":17,"minecraft:sugar_cane":15,"createfood:fried_egg_hash_brown_sandwich":2,"minecraft:sand":2,"minecraft:yellow_terracotta":1,"minecraft:cut_sandstone_slab":6,"gamma_beasts:prehnite_axe":161,"alexscaves:cave_book":4,"ars_nouveau:agronomic_sourcelink":3,"waystones:waystone":1,"ars_nouveau:enchanting_apparatus":1,"minecraft:green_concrete":1,"create_wt:diamond_hammer":3,"minecraft:chiseled_sandstone":2,"minecraft:bread":154,"travelersbackpack:pumpkin":24,"minecraft:nether_wart_block":1,"minecraft:green_concrete_powder":1,"arsdelight:frostaya_jelly":1,"minecraft:oak_boat":5,"gamma_beasts:lemon":2,"minecraft:bone_meal":11,"minecraft:experience_bottle":4,"minecraft:netherite_sword":18,"waystones:sandy_waystone":1,"ars_nouveau:arcane_core":1,"aether:aether_dirt":58,"ars_nouveau:archwood_slab":1,"ars_nouveau:music_disc_thistle_the_sound_of_glass":2,"gamma_beasts:green_apple":26,"gamma_beasts:strawberry":2,"minecraft:netherrack":87,"minecraft:torch":34,"gamma_beasts:red_maple_sapling":1,"minecraft:brewing_stand":1,"minecraft:dirt":486,"farmersdelight:flint_knife":4,"minecraft:hopper":2,"minecraft:spruce_fence":2,"minecraft:iron_hoe":11,"gamma_beasts:red_maple_log":1,"minecraft:crimson_slab":3,"aether:zanite_pickaxe":4,"ars_nouveau:imbuement_chamber":5,"travelersbackpack:hose":6,"ars_nouveau:arcane_platform":3,"minecraft:cobbled_deepslate":70,"minecraft:wheat_seeds":12,"minecraft:water_bucket":6,"minecraft:iron_ore":3,"create:empty_blaze_burner":1,"minecraft:sandstone_stairs":1,"farmersdelight:milk_bottle":2,"minecraft:glass_bottle":3,"minecraft:baked_potato":1,"minecraft:cut_sandstone":7,"gamma_beasts:prehnite_sword":114,"minecraft:diamond_block":1,"minecraft:oak_slab":15,"minecraft:red_bed":1,"create_dd:black_padded_rubber_slab":2,"minecraft:cornflower":1,"minecraft:apple":6,"ars_nouveau:source_jar":2,"ars_nouveau:arcane_pedestal":4,"aether:golden_oak_sapling":7,"ars_nouveau:source_berry_roll":6,"minecraft:cobblestone":58,"minecraft:potion":2,"travelersbackpack:standard":2,"farmersdelight:egg_sandwich":9,"minecraft:cooked_porkchop":2,"minecraft:bucket":7,"minecraft:black_candle":4,"minecraft:yellow_bed":1,"minecraft:sea_pickle":2,"minecraft:dandelion":12,"minecraft:jukebox":2},"minecraft:mined":{"aether:cold_aercloud":3,"travelersbackpack:pumpkin":17,"minecraft:jungle_leaves":2,"minecraft:spruce_trapdoor":1,"minecraft:grass_block":8,"minecraft:soul_soil":1,"minecraft:crimson_fungus":1,"minecraft:nether_wart":38,"minecraft:weeping_vines_plant":2,"minecraft:fire":20,"minecraft:pumpkin":3,"aether:golden_oak_leaves":6,"ars_nouveau:red_archwood_log":1,"ars_nouveau:archwood_slab":1,"minecraft:black_candle":2,"minecraft:spruce_slab":1,"minecraft:orange_bed":1,"gamma_beasts:red_maple_leaves":1,"minecraft:red_bed":1,"minecraft:kelp_plant":1,"aether:golden_oak_sapling":1,"minecraft:poppy":6,"minecraft:melon":12,"minecraft:chest":1,"create:scoria":16,"minecraft:oak_planks":2,"minecraft:sugar_cane":9,"ars_nouveau:red_archwood_leaves":1,"minecraft:nether_wart_block":6,"minecraft:wheat":12,"aether:aether_grass_block":3,"minecraft:warped_fungus":1,"minecraft:grass":52,"minecraft:dirt":7,"minecraft:smooth_basalt":1,"minecraft:red_mushroom_block":18,"gamma_beasts:roble_ocuro_hojas":1,"minecraft:netherrack":103,"aether:blue_aercloud":3,"minecraft:oak_leaves":1,"farmersdelight:wild_carrots":2,"minecraft:nether_bricks":37,"minecraft:decorated_pot":2,"minecraft:brown_mushroom_block":8,"minecraft:mangrove_propagule":2,"minecraft:crimson_stem":2,"minecraft:hay_block":4,"ars_nouveau:magebloom_crop":1,"minecraft:carrots":31,"create:scorchia":4,"minecraft:nether_brick_fence":2,"ars_nouveau:agronomic_sourcelink":1,"ars_nouveau:purple_archwood_log":4,"aether:crystal_leaves":2,"minecraft:soul_sand":17,"minecraft:basalt":1,"minecraft:dandelion":13,"minecraft:cornflower":1,"minecraft:campfire":1,"minecraft:tall_grass":14,"ars_nouveau:source_jar":2,"culturaldelights:wild_corn":4,"ars_nouveau:arcane_pedestal":5,"ars_nouveau:purple_archwood_leaves":2,"aether:berry_bush":1,"minecraft:cocoa":3},"minecraft:picked_up":{"gamma_beasts:thin_oak_log":11,"minecraft:wheat":12,"minecraft:nether_brick_fence":6,"minecraft:yellow_wool":3,"gamma_beasts:fur":2,"aether:iron_gloves":3,"ars_nouveau:pierce_arrow":25,"create:wrench":1,"minecraft:enchanted_book":2,"ars_nouveau:magebloom_fiber":15,"ars_nouveau:bombegranate_pod":3,"minecraft:gilded_blackstone":2,"minecraft:brewing_stand":2,"minecraft:golden_sword":1,"create:furnace_minecart_contraption":2,"minecraft:string":8,"minecraft:soul_soil":1,"minecraft:smooth_stone_slab":3,"minecraft:iron_leggings":1,"minecraft:zombie_head":2,"minecraft:shroomlight":3,"aether:skyroot_stick":22,"minecraft:sea_pickle":2,"ars_nouveau:glyph_fell":1,"alexsmobs:blood_sac":5,"alexsmobs:banana":1,"minecraft:cobbled_deepslate":194,"gamma_beasts:red_maple_pressure_plate":1,"culturaldelights:corn_kernels":8,"minecraft:white_tulip":10,"minecraft:rose_bush":3,"minecraft:calcite":2,"minecraft:iron_pickaxe":1,"minecraft:melon_slice":59,"gamma_beasts:prehnite_sword":2,"tfmg:deepslate_lithium_ore":12,"ars_nouveau:conjuration_essence":3,"minecraft:iron_boots":2,"minecraft:furnace":2,"gamma_beasts:strawberry":30,"minecraft:stick":43,"gamma_beasts:jungle_leaf":15,"minecraft:polished_blackstone_stairs":1,"minecraft:jukebox":1,"minecraft:torch":110,"minecraft:snow_block":39,"minecraft:porkchop":11,"design_decor:copper_lamp":2,"aether:white_moa_egg":2,"minecraft:orange_bed":1,"minecraft:stone_sword":2,"minecraft:honey_bottle":3,"minecraft:rotten_flesh":140,"create:scoria":15,"ars_nouveau:agronomic_sourcelink":3,"ars_nouveau:arcanist_leggings":9,"farmersdelight:onion":11,"ars_nouveau:apprentice_spell_book":15,"ars_nouveau:imbuement_chamber":1,"minecraft:red_tulip":23,"create:asurine":89,"minecraft:glowstone":13,"gamma_beasts:coal_nugget":27,"ars_nouveau:sourceberry_bush":10,"minecraft:blaze_rod":4,"aether:iron_ring":2,"minecraft:obsidian":2,"minecraft:cobblestone":2112,"ars_nouveau:drygmy_shard":2,"minecraft:leather_chestplate":2,"minecraft:feather":5,"minecraft:repeater":1,"minecraft:water_bucket":2,"minecraft:birch_slab":1,"minecraft:jungle_log":13,"aether:enchanted_aether_grass_block":2,"minecraft:green_concrete_powder":1,"gamma_beasts:prehnite":9,"ars_nouveau:magebloom":4,"minecraft:flint":1,"minecraft:smooth_sandstone_stairs":7,"gamma_beasts:oak_leaf":33,"aether:icestone":12,"minecraft:lapis_lazuli":1,"minecraft:dirt":1344,"minecraft:cut_sandstone_slab":8,"ars_nouveau:arcanist_robes":8,"minecraft:leather_boots":1,"minecraft:glass":20,"minecraft:bone":40,"minecraft:wheat_seeds":47,"minecraft:bow":1,"ars_nouveau:source_gem":35,"minecraft:orange_tulip":14,"aether:holystone":121,"minecraft:raw_gold":2,"create:goggles":2,"aether:cold_aercloud":8,"farmersdelight:egg_sandwich":63,"minecraft:bamboo":66,"minecraft:powered_rail":2,"minecraft:rabbit":5,"aether:book_of_lore":1,"minecraft:oak_planks":73,"aether:golden_oak_sapling":34,"create:empty_blaze_burner":49,"gamma_beasts:coconut":8,"ars_nouveau:glyph_bounce":1,"gamma_beasts:palm_tree_log":5,"minecraft:sand":81,"alexscaves:metal_scaffolding":2,"aether:zanite_gemstone":5,"minecraft:fermented_spider_eye":1,"minecraft:grass_block":2,"minecraft:diamond_block":2,"minecraft:chiseled_sandstone":4,"minecraft:dark_oak_log":42,"ars_nouveau:wilden_horn":9,"gamma_beasts:thin_jungle_log":15,"minecraft:sugar":1,"minecraft:green_concrete":1,"minecraft:deepslate":10,"minecraft:diamond":30,"minecraft:lever":1,"waystones:waystone":1,"minecraft:deepslate_gold_ore":1,"aether:ambrosium_shard":42,"ars_nouveau:glyph_summon_steed":1,"aether:swet_ball":7,"minecraft:bread":219,"minecraft:chainmail_helmet":1,"minecraft:emerald":1,"minecraft:oak_sapling":14,"minecraft:netherrack":199,"ars_nouveau:arcane_pedestal":6,"aether:blue_aercloud":7,"ars_nouveau:red_archwood_log":140,"aether:aechor_petal":2,"minecraft:cocoa_beans":9,"create_new_age:thorium":15,"minecraft:bee_nest":2,"minecraft:allium":18,"gamma_beasts:prehnite_armor_chestplate":3,"minecraft:azure_bluet":21,"minecraft:chicken":1,"minecraft:nether_wart":63,"minecraft:golden_pickaxe":1,"aether:aether_dirt":136,"minecraft:leather_leggings":1,"minecraft:brown_mushroom":11,"minecraft:packed_ice":48,"alexsmobs:roadrunner_feather":1,"ars_nouveau:blue_archwood_sapling":18,"minecraft:shield":7,"gamma_beasts:deepslate_prehnite_ore":7,"aether:leather_gloves":1,"ars_nouveau:archwood_slab":1,"aether:blue_berry":2,"minecraft:cornflower":1,"alexscaves:cave_codex":1,"minecraft:red_bed":1,"ars_nouveau:battlemage_hood":1,"minecraft:iron_axe":1,"minecraft:flint_and_steel":2,"minecraft:item_frame":3,"create:scorchia":4,"gamma_beasts:prehnite_armor_leggings":3,"minecraft:deepslate_diamond_ore":3,"minecraft:beef":6,"ars_nouveau:starbuncle_shards":3,"minecraft:oak_boat":8,"gamma_beasts:red_maple_log":38,"minecraft:jungle_sapling":6,"minecraft:poppy":7,"minecraft:spruce_slab":1,"minecraft:sugar_cane":31,"minecraft:chest":3,"minecraft:birch_sapling":7,"gamma_beasts:lemon":18,"minecraft:egg":4,"minecraft:dark_oak_sapling":6,"minecraft:raw_iron":11,"minecraft:sandstone":17,"ars_nouveau:purple_archwood_log":62,"aether:golden_parachute":2,"gamma_beasts:dark_oak_leaf":18,"ars_nouveau:glyph_underfoot":1,"minecraft:spruce_fence":2,"ars_nouveau:blue_archwood_log":256,"ars_nouveau:purple_archwood_sapling":5,"ars_nouveau:frostaya_pod":21,"minecraft:carrot":144,"minecraft:redstone":34,"create_dd:black_padded_rubber_slab":2,"ars_nouveau:starbuncle_charm":2,"minecraft:iron_horse_armor":3,"minecraft:stone_pressure_plate":8,"travelersbackpack:hose":2,"minecraft:smooth_sandstone_slab":2,"ars_nouveau:green_archwood_log":62,"minecraft:tnt":9,"aether:skyroot_log":70,"minecraft:arrow":26,"minecraft:weeping_vines":2,"minecraft:decorated_pot":2,"ars_nouveau:abjuration_essence":6,"minecraft:nether_bricks":47,"minecraft:hay_block":15,"minecraft:sandstone_stairs":1,"minecraft:yellow_terracotta":8,"minecraft:pink_tulip":8,"minecraft:gold_ingot":2,"createfood:fried_egg_hash_brown_sandwich":64,"minecraft:skeleton_skull":3,"minecraft:crimson_slab":3,"aether:mossy_holystone":1,"ars_nouveau:glyph_summon_wolves":1,"minecraft:basalt":1,"ars_nouveau:arcanist_hood":7,"minecraft:crimson_stem":3,"tfmg:raw_lithium":12,"minecraft:leather":3,"minecraft:cut_sandstone":7,"minecraft:red_mushroom":10,"ars_nouveau:battlemage_robes":1,"ars_nouveau:glyph_leap":1,"tfmg:deepslate_nickel_ore":2,"ars_nouveau:wilden_wing":7,"minecraft:crimson_fungus":1,"gamma_beasts:red_maple_planks":15,"waystones:sandy_waystone":1,"minecraft:oak_log":47,"gamma_beasts:green_apple":21,"minecraft:chainmail_chestplate":1,"minecraft:lily_pad":4,"minecraft:nether_wart_block":13,"minecraft:gunpowder":1,"gamma_beasts:prehnite_armor_boots":3,"minecraft:paper":10,"minecraft:smooth_sandstone":4,"gamma_beasts:prehnite_armor_helmet":3,"ars_nouveau:arcanist_boots":7,"arsdelight:frostaya_jelly":1,"ars_nouveau:green_archwood_sapling":6,"minecraft:apple":4,"minecraft:kelp":6,"gamma_beasts:palm_tree_sapling":2,"ars_nouveau:water_essence":2,"minecraft:rabbit_hide":7,"minecraft:iron_ingot":145,"ars_nouveau:glyph_launch":1,"aether:black_moa_egg":2,"protection_pixel:ironarmorplate":2,"ars_nouveau:glyph_fortune":1,"gamma_beasts:thin_dark_oak_log":41,"minecraft:iron_sword":5,"minecraft:soul_sand":35,"gamma_beasts:prehnite_axe":8,"minecraft:book":2,"minecraft:milk_bucket":1,"aether:white_apple":14,"minecraft:oak_slab":1,"minecraft:polished_andesite_stairs":2,"minecraft:smooth_basalt":1,"minecraft:warped_fungus":1,"minecraft:black_candle":4,"spanishdelight:garlic":25,"ars_nouveau:source_jar":2,"ars_nouveau:red_archwood_sapling":7,"aether:enchanted_dart":8,"ars_nouveau:battlemage_boots":1,"minecraft:dandelion":14,"minecraft:gravel":2,"ars_nouveau:bastion_pod":3,"minecraft:amethyst_shard":3,"ars_nouveau:source_berry_roll":10,"ars_nouveau:music_disc_thistle_the_sound_of_glass":1,"minecraft:spider_eye":3,"gamma_beasts:red_maple_sapling":1,"gamma_beasts:prehnite_pickaxe":2,"ars_nouveau:battlemage_leggings":1,"minecraft:chainmail_leggings":2,"minecraft:iron_helmet":1,"travelersbackpack:pumpkin":18,"minecraft:birch_sign":26,"minecraft:mossy_cobblestone_stairs":1,"alexscaves:cave_map":1,"ars_nouveau:magebloom_crop":1,"minecraft:coal":78,"minecraft:mangrove_propagule":1,"aether:blue_moa_egg":4,"minecraft:hopper":3,"minecraft:ender_pearl":2},"minecraft:dropped":{"minecraft:iron_sword":1,"aether:golden_parachute":1,"minecraft:soul_sand":1,"minecraft:diamond_axe":1,"gamma_beasts:dark_oak_leaf":18,"gamma_beasts:prehnite_armor_helmet":1,"minecraft:diamond":9,"aether:swet_ball":3,"minecraft:weeping_vines":2,"ars_nouveau:abjuration_essence":1,"minecraft:leather":4,"minecraft:iron_horse_armor":3,"gamma_beasts:red_maple_pressure_plate":2,"minecraft:cut_sandstone_slab":1,"minecraft:birch_slab":1,"minecraft:item_frame":3,"minecraft:dirt":40,"gamma_beasts:prehnite_armor_leggings":1,"alexsmobs:roadrunner_feather":1,"create:scorchia":4,"gamma_beasts:prehnite_armor_boots":1,"minecraft:gilded_blackstone":1,"minecraft:gold_nugget":2,"alexscaves:cave_map":1,"create:goggles":1,"minecraft:iron_pickaxe":1,"ars_nouveau:wilden_horn":2,"minecraft:gold_ingot":2,"minecraft:bone":13,"ars_nouveau:archwood_pressure_plate":1,"ars_nouveau:apprentice_spell_book":5,"alexscaves:cave_tablet":2,"minecraft:wheat":2,"minecraft:yellow_wool":3,"minecraft:obsidian":2,"minecraft:rotten_flesh":126,"minecraft:nether_brick_fence":3,"minecraft:rabbit_foot":1,"minecraft:sandstone_wall":1,"travelersbackpack:pumpkin":2,"minecraft:poppy":1,"minecraft:rabbit_hide":3,"minecraft:leather_chestplate":1,"alexsmobs:blood_sac":3,"minecraft:hopper":1,"create:wrench":1,"culturaldelights:corn_kernels":4,"minecraft:arrow":14,"minecraft:netherrack":38,"minecraft:bread":71,"minecraft:oak_slab":5,"minecraft:wheat_seeds":13,"gamma_beasts:coal_nugget":8,"gamma_beasts:prehnite_axe":1,"minecraft:yellow_terracotta":4,"minecraft:feather":2,"minecraft:cobblestone":64,"minecraft:apple":1,"minecraft:grass_block":1,"minecraft:stick":3,"protection_pixel:ironarmorplate":2,"minecraft:iron_axe":1,"minecraft:mossy_cobblestone_stairs":1,"minecraft:string":4,"minecraft:paper":3,"minecraft:lily_pad":2,"ars_nouveau:wilden_wing":7,"minecraft:redstone":8,"minecraft:soul_soil":1,"create:furnace_minecart_contraption":1,"minecraft:iron_boots":2,"minecraft:flint_and_steel":1,"gamma_beasts:prehnite_armor_chestplate":1,"minecraft:shield":1,"minecraft:spruce_trapdoor":1,"ars_nouveau:conjuration_essence":1,"minecraft:birch_sign":14,"minecraft:bamboo":2,"gamma_beasts:jungle_leaf":15},"minecraft:killed_by":{"minecraft:wither_skeleton":2,"minecraft:piglin_brute":1,"minecraft:zombie":3,"minecraft:husk":2,"alexsmobs:bison":1},"minecraft:custom":{"minecraft:animals_bred":1,"minecraft:interact_with_crafting_table":3,"minecraft:open_barrel":53,"minecraft:leave_game":35,"minecraft:time_since_death":31464,"minecraft:damage_resisted":825,"minecraft:sprint_one_cm":2836622,"minecraft:damage_blocked_by_shield":2580,"minecraft:drop":168,"minecraft:talked_to_villager":1,"minecraft:play_time":1061387,"minecraft:deaths":14,"minecraft:interact_with_brewingstand":2,"minecraft:jump":9047,"minecraft:walk_on_water_one_cm":255078,"minecraft:interact_with_furnace":24,"twilightforest:uncrafting_table_interactions":1,"minecraft:play_record":2,"minecraft:interact_with_loom":8,"minecraft:sleep_in_bed":43,"minecraft:waystone_activated":15,"minecraft:damage_dealt":16584,"minecraft:crouch_one_cm":97561,"minecraft:use_cauldron":3,"minecraft:inspect_dispenser":1,"minecraft:interact_with_anvil":2,"minecraft:mob_kills":170,"minecraft:inspect_hopper":4,"minecraft:climb_one_cm":92988,"minecraft:walk_one_cm":2389399,"minecraft:damage_dealt_absorbed":114,"minecraft:sneak_time":57900,"minecraft:walk_under_water_one_cm":230486,"minecraft:boat_one_cm":376275,"minecraft:total_world_time":1061387,"minecraft:time_since_rest":9908,"minecraft:damage_taken":13415,"minecraft:trigger_trapped_chest":2,"minecraft:swim_one_cm":417583,"minecraft:fly_one_cm":5551107,"minecraft:open_chest":531,"minecraft:fall_one_cm":213826},"minecraft:broken":{"gamma_beasts:prehnite_axe":1,"minecraft:golden_sword":1},"minecraft:killed":{"minecraft:spider":3,"minecraft:skeleton":18,"minecraft:chicken":1,"aether:blue_swet":4,"gamma_beasts:diamond_golem_c":1,"minecraft:pig":4,"aether:aerwhale":1,"minecraft:creeper":1,"aether:aechor_plant":1,"alexsmobs:crimson_mosquito":7,"aether:zephyr":6,"minecraft:zombie":23,"minecraft:blaze":7,"minecraft:cow":2,"aether:mimic":1,"alexsmobs:tarantula_hawk":1,"aether:golden_swet":1,"alexsmobs:seagull":2,"alexsmobs:bison":1,"minecraft:drowned":9,"aether:aerbunny":1,"minecraft:husk":47,"minecraft:rabbit":5,"aether:cockatrice":1,"gamma_beasts:diamond_golem_a":1,"minecraft:wither_skeleton":16,"minecraft:enderman":2}},"DataVersion":3465}