{"stats":{"minecraft:crafted":{"gamma_beasts:red_maple_planks":260,"ars_nouveau:archwood_planks":112,"minecraft:furnace":3,"minecraft:cooked_mutton":4,"minecraft:bow":1,"minecraft:stone_pickaxe":2,"minecraft:chest":4,"ars_nouveau:enchanting_apparatus":1,"minecraft:wheat":135,"minecraft:cooked_beef":11,"ars_nouveau:arcane_core":1,"minecraft:cooked_porkchop":2,"minecraft:crafting_table":3,"ars_nouveau:imbuement_chamber":2,"minecraft:spruce_planks":8,"minecraft:wooden_pickaxe":1,"minecraft:copper_ingot":29,"minecraft:stone_axe":1,"minecraft:air":0,"minecraft:bread":45,"aether:iron_gloves":1,"minecraft:shield":1,"minecraft:gold_nugget":9,"minecraft:stick":32,"minecraft:iron_ingot":24,"minecraft:wooden_axe":2,"minecraft:gold_ingot":21,"minecraft:torch":48},"minecraft:custom":{"minecraft:mob_kills":51,"minecraft:interact_with_crafting_table":19,"minecraft:open_barrel":4,"minecraft:leave_game":11,"minecraft:time_since_death":109959,"minecraft:climb_one_cm":3292,"minecraft:sprint_one_cm":708079,"minecraft:walk_one_cm":565498,"minecraft:damage_blocked_by_shield":390,"minecraft:drop":55,"minecraft:play_time":241913,"minecraft:deaths":7,"minecraft:sneak_time":31989,"minecraft:walk_under_water_one_cm":6406,"minecraft:jump":3019,"minecraft:walk_on_water_one_cm":8670,"minecraft:total_world_time":241913,"minecraft:interact_with_furnace":25,"minecraft:sleep_in_bed":16,"minecraft:time_since_rest":6354,"minecraft:damage_taken":4116,"minecraft:damage_dealt":5602,"minecraft:swim_one_cm":90760,"minecraft:fly_one_cm":1951302,"minecraft:open_chest":70,"minecraft:crouch_one_cm":58072,"minecraft:interact_with_smoker":2,"minecraft:fall_one_cm":37242},"minecraft:used":{"ars_nouveau:arcane_core":1,"minecraft:chest":9,"minecraft:spruce_planks":1,"minecraft:shield":12,"minecraft:iron_sword":82,"minecraft:orange_bed":6,"minecraft:torch":48,"minecraft:dirt":4,"minecraft:carrot":21,"ars_nouveau:sourcestone_slab":1,"minecraft:wooden_axe":83,"ars_nouveau:imbuement_chamber":2,"minecraft:stone_bricks":6,"minecraft:item_frame":1,"gamma_beasts:red_maple_planks":200,"minecraft:furnace":5,"minecraft:egg":1,"minecraft:cooked_beef":11,"minecraft:cobbled_deepslate":71,"minecraft:cooked_mutton":1,"farmersdelight:iron_knife":5,"minecraft:water_bucket":2,"ars_nouveau:blue_archwood_sapling":5,"minecraft:stone_pickaxe":179,"minecraft:wooden_pickaxe":7,"minecraft:deepslate_bricks":1,"ars_nouveau:smooth_sourcestone":4,"minecraft:sand":1,"minecraft:crafting_table":10,"ars_nouveau:enchanting_apparatus":1,"minecraft:warped_trapdoor":2,"minecraft:bread":28,"minecraft:iron_pickaxe":100,"twilightforest:firefly_jar":2,"minecraft:stone_axe":29,"minecraft:cobblestone":97,"minecraft:cooked_porkchop":2},"minecraft:broken":{"minecraft:leather_helmet":1,"minecraft:iron_pickaxe":1,"minecraft:wooden_axe":1},"minecraft:mined":{"twilightforest:firefly":1,"minecraft:red_carpet":1,"minecraft:spruce_planks":2,"minecraft:spruce_trapdoor":1,"minecraft:granite":36,"minecraft:grass_block":12,"minecraft:spruce_leaves":1,"minecraft:hay_block":15,"gamma_beasts:almandine":6,"ars_nouveau:smooth_sourcestone":15,"minecraft:glowstone":10,"minecraft:furnace":1,"minecraft:carrots":6,"ars_nouveau:sourcestone":26,"minecraft:iron_ore":16,"minecraft:cobbled_deepslate":1,"minecraft:black_concrete":3,"minecraft:pumpkin":1,"twilightforest:firefly_jar":3,"minecraft:stone":120,"minecraft:spruce_slab":3,"minecraft:orange_bed":6,"minecraft:podzol":1,"gamma_beasts:red_maple_planks":1,"gamma_beasts:red_maple_leaves":17,"ars_nouveau:sourcestone_slab":1,"twilightforest:liveroot_block":2,"minecraft:crafting_table":7,"twilightforest:torchberry_plant":1,"minecraft:calcite":1,"minecraft:chest":3,"ars_nouveau:sky_block":3,"minecraft:campfire":1,"minecraft:lectern":1,"minecraft:copper_ore":3,"minecraft:tall_grass":8,"minecraft:cobblestone":5,"ars_nouveau:blue_archwood_leaves":23,"minecraft:spruce_stairs":1,"minecraft:dark_oak_slab":3,"ars_nouveau:arcane_pedestal":9,"minecraft:grass":4,"minecraft:coal_ore":31,"minecraft:dirt":19,"minecraft:sand":2,"minecraft:stone_bricks":1,"gamma_beasts:red_maple_log":64,"twilightforest:twilight_oak_fence":1,"minecraft:deepslate":2},"minecraft:picked_up":{"minecraft:crafting_table":8,"minecraft:charcoal":2,"minecraft:iron_chestplate":1,"minecraft:wheat":5,"minecraft:chicken":1,"minecraft:wooden_pickaxe":1,"ars_nouveau:blue_archwood_sapling":5,"ars_nouveau:magebloom_fiber":4,"ars_nouveau:bombegranate_pod":1,"tfmg:raw_nickel":3,"ars_nouveau:glyph_craft":1,"minecraft:string":1,"minecraft:raw_copper":69,"ars_nouveau:smooth_sourcestone":15,"minecraft:item_frame":1,"minecraft:sea_pickle":1,"minecraft:cracked_stone_bricks":8,"minecraft:cobbled_deepslate":220,"minecraft:gold_nugget":1,"minecraft:spruce_planks":2,"minecraft:beef":8,"minecraft:written_book":1,"gamma_beasts:red_maple_log":59,"minecraft:calcite":1,"ars_nouveau:mendosteen_pod":1,"minecraft:iron_pickaxe":1,"minecraft:spruce_slab":3,"minecraft:lectern":1,"minecraft:chest":5,"minecraft:spruce_trapdoor":2,"twilightforest:firefly_jar":4,"minecraft:furnace":2,"minecraft:egg":3,"minecraft:stick":3,"minecraft:raw_iron":45,"minecraft:spruce_stairs":1,"ars_nouveau:sourcestone_slab":1,"ars_nouveau:blue_archwood_log":67,"ars_nouveau:frostaya_pod":1,"minecraft:carrot":18,"minecraft:redstone":3,"twilightforest:firefly":1,"minecraft:orange_bed":6,"minecraft:arrow":6,"minecraft:rotten_flesh":26,"crittersandcompanions:dragonfly_wing":2,"minecraft:hay_block":15,"minecraft:deepslate_bricks":1,"ars_nouveau:apprentice_spell_book":2,"ars_nouveau:imbuement_chamber":1,"gamma_beasts:coal_nugget":23,"minecraft:iron_bars":2,"minecraft:cobblestone":236,"gamma_beasts:almandine_cobblestone":6,"minecraft:feather":2,"farmersdelight:rice":1,"twilightforest:twilight_oak_log":6,"minecraft:water_bucket":2,"minecraft:leather":2,"ars_nouveau:wilden_wing":2,"gamma_beasts:red_maple_planks":1,"minecraft:tuff":2,"minecraft:chainmail_chestplate":1,"minecraft:warped_trapdoor":2,"minecraft:gunpowder":4,"minecraft:lapis_lazuli":81,"minecraft:dirt":55,"minecraft:lantern":1,"twilightforest:twilight_oak_planks":1,"twilightforest:liveroot":2,"twilightforest:twilight_oak_slab":2,"minecraft:red_carpet":1,"minecraft:bone":7,"farmersdelight:iron_knife":1,"minecraft:stone_bricks":13,"minecraft:wheat_seeds":2,"ars_nouveau:source_gem":16,"minecraft:raw_gold":11,"minecraft:stone_pickaxe":1,"minecraft:mossy_stone_bricks":19,"minecraft:glowstone_dust":34,"minecraft:glass_bottle":4,"minecraft:iron_sword":1,"minecraft:mossy_stone_brick_stairs":4,"minecraft:dark_oak_slab":3,"minecraft:pumpkin":4,"minecraft:dandelion":1,"minecraft:gravel":1,"minecraft:sand":27,"ars_nouveau:bastion_pod":1,"minecraft:amethyst_shard":2,"minecraft:spruce_sapling":1,"twilightforest:twilight_oak_fence":1,"ars_nouveau:sourcestone":26,"minecraft:mossy_stone_brick_slab":2,"minecraft:leather_helmet":1,"minecraft:polished_andesite":13,"minecraft:diamond":3,"minecraft:black_concrete":3,"minecraft:stone_axe":1,"twilightforest:raven_feather":2,"minecraft:granite":46,"ars_nouveau:sky_block":3,"minecraft:spruce_sign":1,"ars_nouveau:arcane_pedestal":9,"twilightforest:torchberries":5,"minecraft:coal":139},"minecraft:dropped":{"minecraft:spruce_sign":1,"minecraft:bread":15,"minecraft:iron_sword":1,"minecraft:wheat_seeds":2,"minecraft:crafting_table":1,"minecraft:cobblestone":38,"twilightforest:twilight_oak_slab":2,"minecraft:granite":46,"minecraft:mossy_stone_brick_stairs":4,"minecraft:cracked_stone_bricks":8,"farmersdelight:rice":1,"minecraft:stick":2,"minecraft:polished_andesite":13,"minecraft:dirt":10,"twilightforest:firefly":1,"minecraft:wooden_axe":1,"twilightforest:twilight_oak_planks":1,"minecraft:bucket":2,"minecraft:dandelion":1,"minecraft:gravel":1,"minecraft:stone_axe":1,"minecraft:wheat":4,"minecraft:rotten_flesh":13,"minecraft:mossy_stone_brick_slab":2,"minecraft:cooked_mutton":4,"minecraft:mossy_stone_bricks":19,"minecraft:stone_bricks":7,"minecraft:iron_bars":2,"minecraft:stone_pickaxe":1,"minecraft:wooden_pickaxe":1,"farmersdelight:ham":1},"minecraft:killed":{"twilightforest:squirrel":1,"minecraft:spider":1,"minecraft:skeleton":14,"minecraft:chicken":1,"twilightforest:kobold":4,"twilightforest:raven":1,"minecraft:creeper":3,"twilightforest:redcap":2,"minecraft:zombie":18,"minecraft:cow":3},"minecraft:killed_by":{"twilightforest:kobold":1,"minecraft:zombie":3,"twilightforest:redcap":2}},"DataVersion":3465}