{"stats":{"minecraft:dropped":{"minecraft:porkchop":3,"minecraft:lapis_lazuli":1,"minecraft:oak_pressure_plate":1,"minecraft:oak_log":1,"minecraft:baked_potato":1,"tconstruct:seared_fuel_tank":1,"minecraft:cyan_terracotta":2,"minecraft:dirt":12,"ars_nouveau:imbuement_chamber":1,"minecraft:gold_nugget":4,"minecraft:gravel":44,"minecraft:iron_nugget":7,"minecraft:wheat":3,"minecraft:rotten_flesh":4,"minecraft:carrot":1,"tconstruct:sledge_hammer":2,"minecraft:dead_tube_coral_block":2,"minecraft:egg":1,"minecraft:bread":1,"minecraft:mossy_cobblestone":4,"minecraft:apple":1,"ars_nouveau:bombegranate_pod":2,"minecraft:bucket":1,"tconstruct:tool_binding_sand_cast":3,"minecraft:stone_shovel":1,"minecraft:lily_of_the_valley":1,"minecraft:cobblestone_slab":1,"minecraft:spruce_trapdoor":2,"minecraft:stone_pickaxe":1},"minecraft:broken":{"minecraft:stone_shovel":1},"minecraft:custom":{"minecraft:interact_with_crafting_table":79,"minecraft:open_barrel":62,"minecraft:leave_game":30,"minecraft:time_since_death":24818,"minecraft:sprint_one_cm":1224544,"minecraft:drop":43,"minecraft:talked_to_villager":5,"minecraft:play_time":612888,"minecraft:deaths":6,"minecraft:jump":5520,"minecraft:walk_on_water_one_cm":222055,"minecraft:interact_with_furnace":78,"minecraft:interact_with_cartography_table":1,"minecraft:sleep_in_bed":27,"minecraft:damage_dealt":8505,"minecraft:player_kills":1,"minecraft:crouch_one_cm":8921,"minecraft:mob_kills":51,"minecraft:damage_dealt_resisted":52,"minecraft:climb_one_cm":39359,"minecraft:walk_one_cm":1616581,"minecraft:sneak_time":5386,"minecraft:walk_under_water_one_cm":188339,"minecraft:interact_with_blast_furnace":3,"minecraft:total_world_time":641671,"minecraft:time_since_rest":12328,"minecraft:damage_taken":6969,"minecraft:swim_one_cm":678675,"minecraft:fly_one_cm":478507,"minecraft:open_chest":344,"minecraft:fall_one_cm":118694},"minecraft:picked_up":{"minecraft:iron_chestplate":2,"minecraft:wheat":47,"ars_nouveau:bombegranate_pod":8,"minecraft:amethyst_block":11,"minecraft:dead_tube_coral_block":2,"minecraft:string":2,"minecraft:raw_copper":207,"minecraft:smooth_stone_slab":1,"tconstruct:ingot_cast":3,"minecraft:gold_nugget":1,"minecraft:cobbled_deepslate":192,"minecraft:bucket":1,"minecraft:spruce_planks":31,"minecraft:cobblestone_slab":1,"minecraft:calcite":5,"ars_nouveau:mendosteen_pod":3,"minecraft:iron_pickaxe":2,"minecraft:coal_block":1,"minecraft:smooth_quartz_stairs":6,"minecraft:iron_boots":2,"minecraft:stick":19,"minecraft:torch":28,"minecraft:spruce_stairs":5,"minecraft:porkchop":5,"tconstruct:seared_faucet":2,"minecraft:diorite":4,"ars_nouveau:arcane_platform":1,"minecraft:orange_bed":1,"minecraft:stone_sword":1,"minecraft:rotten_flesh":35,"create:ochrum":2,"ars_nouveau:imbuement_chamber":11,"minecraft:cyan_terracotta":2,"minecraft:cobblestone":470,"minecraft:nautilus_shell":1,"tconstruct:seared_bricks":7,"minecraft:magma_block":2,"minecraft:andesite":7,"minecraft:potato":8,"minecraft:flint":18,"minecraft:tuff":46,"create:raw_zinc":7,"ars_nouveau:scribes_table":1,"tconstruct:seared_bricks_stairs":2,"minecraft:lapis_lazuli":67,"minecraft:dirt":69,"minecraft:lantern":5,"minecraft:bone":12,"minecraft:bow":2,"ars_nouveau:source_gem":27,"minecraft:wheat_seeds":121,"minecraft:raw_gold":27,"tconstruct:seared_table":7,"minecraft:moss_block":5,"ars_nouveau:ritual_brazier":4,"minecraft:oak_planks":44,"ars_nouveau:glyph_ignite":1,"minecraft:oak_pressure_plate":1,"minecraft:sand":112,"minecraft:ink_sac":7,"minecraft:cyan_bed":4,"minecraft:lily_of_the_valley":1,"minecraft:mossy_cobblestone":5,"minecraft:iron_hoe":1,"minecraft:diamond":13,"tconstruct:seared_basin":4,"minecraft:granite":3,"minecraft:spruce_sign":10,"minecraft:bread":36,"minecraft:emerald":6,"minecraft:oak_sapling":6,"ars_nouveau:arcane_pedestal":12,"minecraft:diamond_pickaxe":2,"minecraft:crafting_table":10,"minecraft:coarse_dirt":2,"minecraft:chicken":5,"minecraft:clay_ball":96,"minecraft:wooden_pickaxe":1,"minecraft:gold_block":8,"minecraft:iron_axe":1,"minecraft:flint_and_steel":2,"ars_nouveau:starbuncle_shards":3,"tconstruct:tough_handle_sand_cast":1,"minecraft:iron_nugget":12,"minecraft:spruce_slab":1,"minecraft:light_gray_wool":1,"minecraft:quartz_stairs":4,"minecraft:chest":1,"crittersandcompanions:clam":4,"minecraft:piston":1,"minecraft:spruce_trapdoor":4,"minecraft:egg":2,"minecraft:raw_iron":216,"ars_nouveau:blue_archwood_log":1,"ars_nouveau:frostaya_pod":9,"minecraft:redstone":140,"minecraft:carrot":31,"ars_nouveau:green_archwood_log":14,"minecraft:arrow":8,"minecraft:stone_shovel":1,"minecraft:mutton":2,"minecraft:white_wool":1,"tconstruct:seared_fuel_tank":8,"minecraft:oak_log":52,"minecraft:yellow_bed":1,"minecraft:gunpowder":33,"tconstruct:sky_slime_crystal_block":21,"minecraft:apple":2,"tconstruct:sledge_hammer":1,"minecraft:stone_pickaxe":4,"minecraft:iron_sword":2,"minecraft:pumpkin":3,"minecraft:smooth_basalt":4,"minecraft:raw_iron_block":4,"ars_nouveau:novice_spell_book":1,"minecraft:lava_bucket":1,"minecraft:gravel":229,"ars_nouveau:bastion_pod":4,"minecraft:amethyst_shard":16,"tconstruct:large_plate":1,"minecraft:spruce_door":1,"alexsmobs:raw_catfish":2,"minecraft:slime_ball":1,"minecraft:stone_axe":1,"minecraft:iron_helmet":2,"minecraft:baked_potato":1,"minecraft:coal":124},"minecraft:used":{"minecraft:iron_shovel":211,"minecraft:chest":3,"minecraft:iron_sword":37,"minecraft:rotten_flesh":6,"tconstruct:seared_fuel_tank":8,"tconstruct:sledge_hammer":10,"minecraft:carrot":41,"minecraft:tuff":1,"ars_nouveau:bombegranate_pod":2,"ars_nouveau:ritual_brazier":4,"minecraft:lantern":1,"tconstruct:seared_faucet":4,"tconstruct:broad_axe":38,"tconstruct:tinkers_anvil":1,"minecraft:furnace":2,"minecraft:cooked_cod":2,"tconstruct:smeltery_controller":1,"minecraft:diorite":2,"tconstruct:seared_bricks_stairs":6,"minecraft:spruce_door":1,"minecraft:oak_planks":4,"minecraft:cyan_bed":3,"minecraft:bread":42,"tconstruct:seared_ingot_tank":1,"tconstruct:crafting_station":1,"minecraft:andesite":3,"minecraft:smooth_stone_slab":1,"minecraft:stone_sword":53,"minecraft:carved_pumpkin":1,"minecraft:stone_shovel":131,"minecraft:spruce_planks":11,"minecraft:cooked_salmon":2,"minecraft:orange_bed":1,"minecraft:torch":70,"tconstruct:seared_drain":1,"minecraft:dirt":17,"ars_nouveau:bastion_pod":5,"tconstruct:seared_bricks":22,"tconstruct:seared_ladder":4,"tconstruct:gold_bars":1,"tconstruct:seared_heater":1,"minecraft:wooden_axe":6,"ars_nouveau:frostaya_pod":1,"minecraft:iron_axe":82,"tconstruct:tinker_station":1,"ars_nouveau:imbuement_chamber":10,"ars_nouveau:arcane_platform":1,"minecraft:cooked_beef":4,"tconstruct:part_builder":1,"minecraft:cobbled_deepslate":5,"minecraft:wheat_seeds":37,"minecraft:water_bucket":2,"minecraft:baked_potato":9,"minecraft:crafting_table":5,"tconstruct:seared_basin":5,"minecraft:oak_log":4,"minecraft:diamond_pickaxe":315,"minecraft:apple":31,"tconstruct:seared_table":8,"ars_nouveau:arcane_pedestal":16,"minecraft:iron_pickaxe":385,"minecraft:map":1,"minecraft:spruce_trapdoor":2,"minecraft:cobblestone":76,"tconstruct:seared_melter":1,"minecraft:bucket":8,"tconstruct:sky_slime_crystal_block":21,"minecraft:yellow_bed":1,"alexsmobs:animal_dictionary":1,"ars_nouveau:scribes_table":2,"tconstruct:seared_glass":2},"minecraft:mined":{"tconstruct:sky_slime_crystal_block":2,"tconstruct:seared_bricks":7,"minecraft:spruce_trapdoor":2,"minecraft:granite":3,"minecraft:grass_block":24,"minecraft:dead_tube_coral_block":1,"ars_nouveau:bastion_pod":2,"minecraft:coal_block":1,"ars_nouveau:frostaya_pod":3,"minecraft:spawner":2,"tconstruct:seared_table":7,"minecraft:tall_seagrass":1,"minecraft:magma_block":2,"minecraft:raw_iron_block":4,"minecraft:cobbled_deepslate":1,"minecraft:iron_ore":29,"minecraft:fire":25,"minecraft:pumpkin":3,"tconstruct:seared_fuel_tank":7,"minecraft:orange_bed":1,"minecraft:deepslate_redstone_ore":5,"ars_nouveau:ritual_brazier":4,"minecraft:powder_snow":7,"minecraft:clay":24,"minecraft:torch":2,"minecraft:calcite":2,"minecraft:chest":1,"minecraft:cobblestone":11,"minecraft:cyan_bed":4,"ars_nouveau:scribes_table":1,"minecraft:oak_planks":1,"minecraft:wall_torch":1,"minecraft:amethyst_block":7,"minecraft:deepslate_copper_ore":2,"tconstruct:seared_faucet":2,"minecraft:wheat":37,"minecraft:light_gray_wool":1,"minecraft:smooth_stone_slab":1,"minecraft:grass":9,"minecraft:oak_log":34,"minecraft:sand":116,"minecraft:dirt":35,"minecraft:smooth_basalt":1,"tconstruct:seared_bricks_stairs":2,"minecraft:piston":1,"minecraft:oak_leaves":32,"minecraft:deepslate":53,"minecraft:diamond_ore":4,"minecraft:tuff":13,"minecraft:quartz_stairs":4,"minecraft:mossy_cobblestone":2,"create:ochrum":1,"minecraft:carrots":7,"ars_nouveau:mendosteen_pod":1,"minecraft:andesite":4,"ars_nouveau:bombegranate_pod":3,"minecraft:gold_block":8,"minecraft:deepslate_iron_ore":24,"minecraft:cobblestone_slab":1,"minecraft:smooth_quartz_stairs":6,"minecraft:stone":286,"ars_nouveau:arcane_platform":1,"ars_nouveau:green_archwood_log":14,"minecraft:lily_of_the_valley":1,"minecraft:crafting_table":6,"minecraft:emerald_ore":5,"tconstruct:seared_basin":4,"minecraft:tall_grass":1,"minecraft:copper_ore":54,"minecraft:diorite":2,"minecraft:spruce_stairs":3,"minecraft:coarse_dirt":1,"ars_nouveau:blue_archwood_log":1,"ars_nouveau:arcane_pedestal":12,"minecraft:birch_leaves":8,"minecraft:yellow_bed":1,"minecraft:coal_ore":92,"minecraft:gravel":198,"ars_nouveau:imbuement_chamber":8},"minecraft:killed":{"minecraft:spider":1,"minecraft:skeleton":8,"minecraft:chicken":3,"minecraft:pig":1,"minecraft:zombie":25,"alexsmobs:terrapin":1,"minecraft:drowned":2,"alexsmobs:catfish":1},"minecraft:crafted":{"minecraft:oak_planks":28,"ars_nouveau:archwood_planks":20,"tconstruct:broad_blade":1,"tconstruct:pick_head":1,"minecraft:stone":40,"tconstruct:tool_binding":1,"tconstruct:seared_melter":1,"minecraft:glass":16,"tconstruct:broad_axe":1,"tconstruct:broad_axe_head":1,"tconstruct:seared_brick":192,"minecraft:chest":2,"tconstruct:seared_fuel_tank":1,"tconstruct:seared_ingot_tank":1,"tconstruct:small_axe_head":1,"alexsmobs:cooked_catfish":2,"tconstruct:seared_glass":2,"tconstruct:tough_handle":1,"minecraft:crafting_table":1,"minecraft:baked_potato":33,"tconstruct:tool_handle":1,"tconstruct:rose_gold_block":3,"minecraft:copper_ingot":19,"minecraft:gold_block":3,"ars_nouveau:ritual_brazier":1,"tconstruct:tool_binding_sand_cast":4,"minecraft:diamond_pickaxe":1,"minecraft:stick":52,"minecraft:iron_ingot":91,"minecraft:iron_pickaxe":3,"minecraft:gold_ingot":99,"tconstruct:seared_bricks":29,"ars_nouveau:scribes_table":1,"tconstruct:large_plate":1,"tconstruct:seared_fuel_gauge":1,"tconstruct:pattern":21,"minecraft:raw_iron":36,"minecraft:coal":9,"minecraft:stone_shovel":1,"tconstruct:part_builder":1,"tconstruct:round_plate":1,"tconstruct:repair_kit":1,"tconstruct:seared_basin":1,"minecraft:flint_and_steel":2,"tconstruct:tinker_station":2,"tconstruct:seared_bricks_stairs":4,"ars_nouveau:source_gem_block":1,"ars_nouveau:novice_spell_book":3,"ars_nouveau:arcane_platform":1,"minecraft:iron_axe":4,"tconstruct:seared_table":1,"minecraft:cooked_beef":5,"ars_nouveau:imbuement_chamber":2,"tconstruct:tinkers_anvil":1,"minecraft:iron_sword":3,"minecraft:bucket":5,"tconstruct:hammer_head":1,"tconstruct:seared_drain":1,"minecraft:bread":14,"minecraft:air":0,"minecraft:jungle_planks":16,"tconstruct:seared_heater":1,"tconstruct:tough_handle_sand_cast":4,"ars_nouveau:sourcestone":32,"minecraft:gold_nugget":54,"tconstruct:crafting_station":2,"tconstruct:seared_ladder":4,"tconstruct:seared_faucet":3,"minecraft:iron_shovel":4,"minecraft:torch":56,"tconstruct:grout":192,"tconstruct:sledge_hammer":2}},"DataVersion":3120}