{"stats":{"minecraft:broken":{"minecraft:stone_sword":1,"minecraft:stone_shovel":1},"minecraft:dropped":{"minecraft:bread":1,"minecraft:porkchop":3,"minecraft:oak_log":1,"minecraft:baked_potato":1,"minecraft:mossy_cobblestone":4,"minecraft:apple":1,"grimoireofgaia:shiny_pearl":1,"minecraft:cyan_terracotta":2,"minecraft:dirt":11,"ars_nouveau:bombegranate_pod":2,"grimoireofgaia:taproot":2,"minecraft:gold_nugget":4,"minecraft:gravel":44,"minecraft:iron_nugget":5,"minecraft:wheat":2,"minecraft:stone_shovel":1,"minecraft:rotten_flesh":4,"minecraft:carrot":1,"minecraft:lily_of_the_valley":1,"minecraft:cobblestone_slab":1,"minecraft:spruce_trapdoor":2,"minecraft:stone_pickaxe":1,"minecraft:dead_tube_coral_block":2,"minecraft:egg":1},"minecraft:custom":{"minecraft:mob_kills":40,"minecraft:interact_with_crafting_table":55,"minecraft:open_barrel":44,"minecraft:damage_dealt_resisted":52,"minecraft:leave_game":13,"minecraft:time_since_death":204721,"minecraft:climb_one_cm":21837,"minecraft:sprint_one_cm":937315,"minecraft:walk_one_cm":1275443,"minecraft:drop":30,"minecraft:talked_to_villager":6,"minecraft:play_time":413933,"minecraft:sneak_time":3097,"minecraft:deaths":5,"minecraft:walk_under_water_one_cm":111660,"minecraft:jump":3633,"minecraft:interact_with_blast_furnace":3,"minecraft:walk_on_water_one_cm":153965,"minecraft:total_world_time":442716,"minecraft:interact_with_furnace":55,"minecraft:interact_with_cartography_table":1,"minecraft:sleep_in_bed":21,"minecraft:time_since_rest":6841,"minecraft:damage_taken":5074,"minecraft:damage_dealt":4614,"minecraft:swim_one_cm":378872,"minecraft:fly_one_cm":276093,"minecraft:crouch_one_cm":4949,"minecraft:open_chest":225,"minecraft:fall_one_cm":78870},"minecraft:killed":{"minecraft:skeleton":1,"minecraft:chicken":3,"grimoireofgaia:mandragora":7,"minecraft:pig":1,"minecraft:creeper":1,"alexsmobs:catfish":1,"minecraft:zombie":22,"alexsmobs:terrapin":1,"grimoireofgaia:werecat":1},"minecraft:picked_up":{"minecraft:coarse_dirt":2,"tconstruct:tough_handle_cast":1,"minecraft:iron_chestplate":1,"minecraft:crafting_table":6,"minecraft:wheat":40,"minecraft:light_blue_concrete":1,"minecraft:chicken":5,"minecraft:clay_ball":96,"minecraft:gold_block":9,"ars_nouveau:bombegranate_pod":8,"minecraft:brewing_stand":1,"minecraft:blue_concrete":1,"minecraft:dead_tube_coral_block":2,"minecraft:raw_copper":116,"minecraft:iron_axe":1,"minecraft:zombie_head":1,"tconstruct:ingot_cast":3,"minecraft:cobbled_deepslate":73,"minecraft:gold_nugget":1,"minecraft:spruce_planks":31,"ars_nouveau:starbuncle_shards":3,"minecraft:cobblestone_slab":1,"ars_nouveau:mendosteen_pod":3,"minecraft:iron_nugget":13,"minecraft:light_gray_wool":1,"minecraft:iron_pickaxe":2,"minecraft:spruce_slab":1,"minecraft:quartz_stairs":4,"minecraft:coal_block":1,"minecraft:chest":1,"minecraft:smooth_quartz_stairs":6,"minecraft:piston":1,"minecraft:spruce_trapdoor":4,"minecraft:iron_boots":1,"minecraft:egg":1,"grimoireofgaia:taproot":9,"minecraft:stick":14,"minecraft:raw_iron":15,"minecraft:torch":16,"minecraft:spruce_stairs":5,"ars_nouveau:blue_archwood_log":1,"minecraft:porkchop":6,"ars_nouveau:frostaya_pod":9,"tconstruct:seared_faucet":5,"minecraft:diorite":1,"minecraft:carrot":5,"minecraft:dark_oak_planks":1,"ars_nouveau:green_archwood_log":14,"minecraft:orange_bed":1,"minecraft:stone_sword":1,"minecraft:arrow":2,"minecraft:stone_shovel":1,"minecraft:rotten_flesh":23,"minecraft:cyan_terracotta":2,"minecraft:skeleton_skull":1,"minecraft:cobblestone":376,"tconstruct:seared_bricks":7,"minecraft:magma_block":1,"minecraft:andesite":16,"minecraft:potato":1,"tconstruct:seared_fuel_tank":3,"minecraft:flint":18,"minecraft:oak_log":52,"minecraft:yellow_bed":1,"minecraft:gunpowder":33,"minecraft:lapis_lazuli":24,"ars_nouveau:scribes_table":1,"tconstruct:seared_bricks_stairs":2,"minecraft:dirt":85,"minecraft:lantern":4,"minecraft:bone":4,"minecraft:apple":2,"minecraft:wheat_seeds":107,"minecraft:raw_gold":4,"minecraft:stone_pickaxe":2,"tconstruct:seared_table":7,"minecraft:glowstone_dust":6,"minecraft:moss_block":5,"minecraft:iron_sword":2,"minecraft:oak_planks":33,"minecraft:pumpkin":3,"minecraft:oak_pressure_plate":1,"minecraft:raw_iron_block":4,"ars_nouveau:novice_spell_book":1,"minecraft:gravel":227,"ars_nouveau:bastion_pod":4,"minecraft:sand":112,"minecraft:ink_sac":7,"minecraft:cyan_bed":4,"minecraft:lily_of_the_valley":1,"minecraft:spruce_door":1,"minecraft:mossy_cobblestone":4,"grimoireofgaia:shiny_pearl":1,"minecraft:iron_hoe":1,"alexsmobs:raw_catfish":2,"minecraft:slime_ball":1,"tconstruct:seared_basin":4,"minecraft:iron_helmet":1,"minecraft:granite":11,"minecraft:spruce_sign":10,"minecraft:bread":36,"minecraft:emerald":5,"minecraft:baked_potato":1,"minecraft:oak_sapling":6,"minecraft:coal":68},"minecraft:mined":{"minecraft:quartz_stairs":4,"tconstruct:seared_bricks":7,"minecraft:brewing_stand":1,"minecraft:granite":11,"minecraft:spruce_trapdoor":2,"minecraft:grass_block":25,"minecraft:dead_tube_coral_block":1,"ars_nouveau:bastion_pod":2,"minecraft:coal_block":1,"ars_nouveau:frostaya_pod":3,"minecraft:spawner":3,"tconstruct:seared_table":7,"minecraft:tall_seagrass":1,"minecraft:raw_iron_block":4,"minecraft:magma_block":1,"ars_nouveau:mendosteen_pod":1,"minecraft:iron_ore":15,"minecraft:andesite":16,"ars_nouveau:bombegranate_pod":3,"minecraft:pumpkin":3,"tconstruct:seared_fuel_tank":3,"minecraft:gold_block":8,"minecraft:cobblestone_slab":1,"minecraft:smooth_quartz_stairs":6,"minecraft:stone":251,"minecraft:orange_bed":1,"ars_nouveau:green_archwood_log":14,"minecraft:lily_of_the_valley":1,"minecraft:powder_snow":7,"minecraft:clay":24,"minecraft:crafting_table":5,"minecraft:torch":2,"minecraft:emerald_ore":5,"tconstruct:seared_basin":4,"minecraft:chest":1,"minecraft:copper_ore":27,"minecraft:tall_grass":1,"minecraft:cobblestone":6,"minecraft:cyan_bed":4,"ars_nouveau:scribes_table":1,"minecraft:diorite":1,"minecraft:deepslate_copper_ore":2,"minecraft:skeleton_skull":1,"minecraft:spruce_stairs":3,"ars_nouveau:blue_archwood_log":1,"tconstruct:seared_faucet":5,"minecraft:wheat":37,"minecraft:birch_leaves":8,"minecraft:light_gray_wool":1,"minecraft:yellow_bed":1,"minecraft:grass":9,"minecraft:oak_log":34,"minecraft:coal_ore":58,"minecraft:zombie_head":1,"minecraft:gravel":196,"minecraft:sand":116,"minecraft:dirt":36,"tconstruct:seared_bricks_stairs":2,"minecraft:piston":1,"minecraft:oak_leaves":32,"minecraft:deepslate":65},"minecraft:killed_by":{"grimoireofgaia:dwarf":1},"minecraft:used":{"minecraft:stone_sword":73,"minecraft:iron_shovel":211,"minecraft:stone_shovel":131,"minecraft:chest":1,"minecraft:spruce_planks":11,"minecraft:iron_sword":37,"minecraft:cooked_salmon":2,"minecraft:orange_bed":1,"tconstruct:seared_fuel_tank":4,"minecraft:torch":15,"tconstruct:seared_drain":1,"minecraft:dirt":39,"minecraft:blue_concrete":1,"ars_nouveau:bastion_pod":5,"minecraft:carrot":4,"tconstruct:seared_ladder":4,"tconstruct:seared_bricks":22,"tconstruct:seared_heater":1,"minecraft:wooden_axe":6,"tconstruct:gold_bars":1,"ars_nouveau:bombegranate_pod":2,"ars_nouveau:frostaya_pod":1,"minecraft:iron_axe":63,"tconstruct:tinker_station":1,"tconstruct:seared_faucet":7,"tconstruct:tinkers_anvil":1,"minecraft:furnace":2,"minecraft:cooked_cod":2,"tconstruct:smeltery_controller":1,"tconstruct:part_builder":1,"minecraft:wheat_seeds":37,"tconstruct:seared_bricks_stairs":6,"minecraft:spruce_door":1,"minecraft:stone_pickaxe":9,"minecraft:oak_planks":2,"minecraft:crafting_table":4,"tconstruct:seared_basin":5,"minecraft:oak_log":4,"minecraft:apple":23,"minecraft:iron_pickaxe":383,"minecraft:map":1,"tconstruct:seared_table":9,"minecraft:bread":40,"minecraft:cyan_bed":3,"tconstruct:seared_ingot_tank":1,"minecraft:spruce_trapdoor":2,"tconstruct:seared_melter":1,"minecraft:cobblestone":39,"tconstruct:crafting_station":1,"minecraft:andesite":3,"minecraft:bucket":1,"minecraft:yellow_bed":1,"alexsmobs:animal_dictionary":1,"ars_nouveau:scribes_table":2,"tconstruct:seared_glass":2},"minecraft:crafted":{"tconstruct:pattern":21,"minecraft:oak_planks":28,"minecraft:raw_iron":36,"minecraft:coal":9,"minecraft:stone_shovel":1,"tconstruct:part_builder":1,"ars_nouveau:archwood_planks":8,"tconstruct:round_plate":1,"tconstruct:repair_kit":1,"tconstruct:broad_blade":1,"tconstruct:pick_head":1,"tconstruct:tool_binding":1,"tconstruct:seared_basin":1,"tconstruct:tinker_station":2,"tconstruct:seared_melter":1,"tconstruct:seared_bricks_stairs":4,"minecraft:glass":16,"ars_nouveau:novice_spell_book":2,"minecraft:iron_axe":3,"tconstruct:seared_table":2,"tconstruct:broad_axe_head":1,"tconstruct:seared_brick":192,"tconstruct:seared_fuel_tank":1,"tconstruct:seared_ingot_tank":1,"tconstruct:small_axe_head":1,"alexsmobs:cooked_catfish":2,"tconstruct:seared_glass":2,"tconstruct:tough_handle":1,"minecraft:crafting_table":1,"tconstruct:tinkers_anvil":1,"minecraft:iron_sword":2,"tconstruct:tool_handle":1,"tconstruct:rose_gold_block":3,"minecraft:copper_ingot":19,"minecraft:gold_block":3,"minecraft:bucket":3,"tconstruct:hammer_head":1,"tconstruct:seared_drain":1,"minecraft:bread":12,"minecraft:air":0,"minecraft:jungle_planks":16,"tconstruct:seared_heater":1,"minecraft:gold_nugget":9,"tconstruct:crafting_station":2,"minecraft:stick":28,"minecraft:iron_ingot":51,"minecraft:iron_pickaxe":2,"tconstruct:seared_ladder":4,"tconstruct:seared_faucet":3,"minecraft:iron_shovel":3,"minecraft:gold_ingot":99,"tconstruct:seared_bricks":29,"ars_nouveau:scribes_table":1,"tconstruct:large_plate":1,"tconstruct:seared_fuel_gauge":1,"tconstruct:grout":192}},"DataVersion":3120}