{"stats":{"minecraft:picked_up":{"minecraft:wooden_axe":1,"gamma_beasts:thin_oak_log":18,"minecraft:wheat":1,"minecraft:crafting_table":4,"minecraft:allium":2,"minecraft:azure_bluet":1,"tfmg:raw_nickel":1,"minecraft:cornflower":1,"minecraft:raw_copper":286,"minecraft:sea_pickle":2,"farmersdelight:beef_patty":6,"minecraft:cobbled_deepslate":49,"minecraft:bucket":2,"farmersdelight:cabbage":1,"minecraft:spruce_planks":1,"minecraft:beef":15,"farmersdelight:straw":1,"minecraft:poppy":1,"minecraft:iron_pickaxe":1,"minecraft:chest":1,"farmersdelight:cabbage_seeds":5,"minecraft:egg":2,"minecraft:raw_iron":159,"farmersdelight:cabbage_crate":5,"minecraft:copper_ingot":6,"minecraft:torch":34,"minecraft:spruce_fence":3,"minecraft:porkchop":1,"minecraft:diorite":21,"minecraft:carrot":58,"minecraft:redstone":16,"farmersdelight:fried_egg":1,"ars_nouveau:worn_notebook":2,"minecraft:hay_block":13,"gamma_beasts:coal_nugget":37,"minecraft:mutton":12,"minecraft:cobblestone":173,"minecraft:white_wool":7,"minecraft:oxeye_daisy":1,"minecraft:feather":4,"minecraft:cooked_beef":6,"minecraft:andesite":456,"minecraft:leather":13,"gamma_beasts:prehnite":1,"minecraft:magenta_dye":2,"create:raw_zinc":26,"minecraft:oak_log":6,"gamma_beasts:oak_leaf":1,"farmersdelight:carrot_crate":4,"minecraft:lapis_lazuli":198,"tfmg:raw_lead":4,"minecraft:dirt":19,"minecraft:cooked_mutton":7,"farmersdelight:iron_knife":2,"minecraft:wheat_seeds":17,"farmersdelight:pumpkin_slice":9,"minecraft:raw_gold":32,"minecraft:stone_pickaxe":1,"aquaculturedelight:turtle_meat_dish":2,"minecraft:smooth_basalt":1,"minecraft:cooked_porkchop":4,"minecraft:pumpkin":7,"crabbersdelight:crab":3,"farmersdelight:ham":1,"farmersdelight:cooked_mutton_chops":3,"alexsmobs:animal_dictionary":2,"travelersbackpack:white_sleeping_bag":9,"minecraft:diamond":2,"minecraft:spruce_sign":1,"minecraft:oak_sapling":1,"minecraft:coal":73,"minecraft:black_wool":2},"minecraft:custom":{"minecraft:mob_kills":16,"minecraft:animals_bred":8,"minecraft:interact_with_crafting_table":21,"minecraft:open_barrel":4,"minecraft:leave_game":7,"minecraft:time_since_death":27683,"minecraft:sprint_one_cm":189810,"minecraft:walk_one_cm":281414,"minecraft:drop":38,"minecraft:talked_to_villager":1,"minecraft:play_time":139669,"minecraft:deaths":2,"minecraft:sneak_time":18876,"minecraft:walk_under_water_one_cm":13217,"minecraft:jump":2783,"minecraft:walk_on_water_one_cm":14784,"minecraft:total_world_time":139669,"minecraft:interact_with_furnace":10,"minecraft:sleep_in_bed":8,"minecraft:time_since_rest":5533,"minecraft:waystone_activated":1,"minecraft:damage_taken":1160,"minecraft:damage_dealt":1705,"minecraft:swim_one_cm":36418,"minecraft:fly_one_cm":459108,"minecraft:open_chest":48,"minecraft:crouch_one_cm":34686,"minecraft:interact_with_smoker":4,"minecraft:fall_one_cm":70411},"minecraft:mined":{"minecraft:diamond_ore":1,"minecraft:spruce_planks":1,"gamma_beasts:roble_hoja_1":1,"farmersdelight:wild_carrots":1,"minecraft:glow_lichen":1,"minecraft:allium":2,"minecraft:grass_block":22,"minecraft:spruce_fence":3,"travelersbackpack:white_sleeping_bag":8,"spanishdelight:wild_garlic":2,"minecraft:oxeye_daisy":1,"minecraft:hay_block":11,"minecraft:carrots":19,"minecraft:iron_ore":46,"minecraft:andesite":193,"minecraft:pumpkin":8,"minecraft:azure_bluet":1,"minecraft:deepslate_iron_ore":32,"minecraft:stone":137,"minecraft:crafting_table":4,"minecraft:torch":30,"farmersdelight:cabbage_crate":5,"minecraft:poppy":1,"minecraft:chest":1,"farmersdelight:carrot_crate":4,"farmersdelight:cabbages":3,"minecraft:tall_grass":3,"minecraft:copper_ore":52,"minecraft:cobblestone":43,"minecraft:lapis_ore":9,"minecraft:deepslate_gold_ore":2,"minecraft:diorite":8,"minecraft:wall_torch":3,"culturaldelights:wild_corn":1,"gamma_beasts:thin_oak_log":18,"minecraft:grass":64,"minecraft:oak_log":6,"minecraft:coal_ore":72,"minecraft:dirt":5,"minecraft:gold_ore":6,"minecraft:oak_leaves":2,"minecraft:deepslate":11},"minecraft:broken":{"minecraft:stone_pickaxe":2,"minecraft:iron_pickaxe":1},"minecraft:killed":{"alexsmobs:seagull":1,"crabbersdelight:crab":3,"minecraft:pig":1,"minecraft:sheep":5,"minecraft:cow":6},"minecraft:crafted":{"minecraft:oak_planks":60,"farmersdelight:cabbage":45,"minecraft:stone_shovel":5,"minecraft:cooked_mutton":1,"travelersbackpack:white_sleeping_bag":1,"minecraft:stone_pickaxe":3,"minecraft:chest":2,"minecraft:magenta_dye":2,"minecraft:wheat":81,"minecraft:crafting_table":4,"farmersdelight:smoked_ham":1,"minecraft:mangrove_planks":4,"minecraft:bucket":2,"minecraft:pumpkin_seeds":4,"farmersdelight:wheat_dough":3,"minecraft:bread":19,"aquaculturedelight:cooked_small_turtle_meat":24,"minecraft:stick":36,"minecraft:iron_ingot":18,"minecraft:iron_shovel":5,"minecraft:light_gray_dye":2,"minecraft:acacia_planks":4,"minecraft:torch":40,"minecraft:carrot":36,"minecraft:shears":1},"minecraft:dropped":{"minecraft:water_bucket":2,"minecraft:wheat_seeds":2,"gamma_beasts:oak_leaf":1,"minecraft:diamond":1,"gamma_beasts:coal_nugget":12,"minecraft:cobblestone":12,"minecraft:coal":36,"minecraft:white_wool":2,"minecraft:wheat":2,"minecraft:poppy":1,"minecraft:hay_block":1,"travelersbackpack:white_sleeping_bag":1,"minecraft:light_gray_dye":2,"minecraft:magenta_dye":4,"minecraft:stone_pickaxe":1,"minecraft:black_wool":2},"minecraft:used":{"minecraft:stone_shovel":5,"farmersdelight:cabbage_seeds":3,"minecraft:chest":3,"minecraft:iron_sword":1,"minecraft:torch":44,"minecraft:dirt":15,"minecraft:carrot":54,"minecraft:spruce_fence":3,"minecraft:wooden_axe":39,"minecraft:hay_block":2,"minecraft:oak_sapling":1,"minecraft:egg":2,"minecraft:pumpkin":1,"farmersdelight:iron_knife":56,"minecraft:water_bucket":4,"minecraft:diorite":1,"minecraft:stone_pickaxe":366,"farmersdelight:pumpkin_slice":3,"minecraft:crafting_table":7,"minecraft:apple":2,"minecraft:bread":6,"minecraft:iron_pickaxe":259,"travelersbackpack:white_sleeping_bag":7,"minecraft:cobblestone":132,"minecraft:bucket":7},"minecraft:killed_by":{"minecraft:zombie":1}},"DataVersion":3465}