{"stats":{"minecraft:dropped":{"minecraft:porkchop":8,"minecraft:lapis_lazuli":21,"minecraft:cracked_stone_bricks":6,"minecraft:emerald":5,"minecraft:dirt":15,"twilightforest:firefly":3,"minecraft:mutton":2,"minecraft:gold_nugget":9,"minecraft:white_wool":6,"minecraft:gravel":8,"minecraft:wheat":130,"minecraft:azure_bluet":8,"minecraft:carrot":193,"minecraft:chiseled_stone_bricks":6,"minecraft:rabbit_hide":7,"minecraft:skeleton_skull":4,"minecraft:charcoal":3,"minecraft:beetroot_seeds":3,"minecraft:arrow":3,"minecraft:beef":5,"minecraft:water_bucket":1,"minecraft:iron_ingot":24,"minecraft:bread":14,"twilightforest:charm_of_keeping_1":2,"minecraft:wheat_seeds":87,"twilightforest:canopy_sapling":7,"minecraft:copper_ingot":6,"minecraft:coal":1,"minecraft:stick":1,"minecraft:gray_wool":2,"ars_nouveau:green_archwood_sapling":1,"minecraft:rabbit":3,"twilightforest:mushgloom":3,"minecraft:redstone":6,"minecraft:sweet_berries":4,"create:shaft":4,"minecraft:raw_copper":333,"minecraft:light_gray_wool":3,"crittersandcompanions:silk":6,"minecraft:lily_of_the_valley":19,"minecraft:potato":26,"minecraft:hay_block":11,"minecraft:allium":13,"minecraft:spruce_planks":2,"minecraft:mossy_stone_bricks":5,"minecraft:oak_sapling":1,"minecraft:stone_bricks":22,"tconstruct:sky_slime_crystal_block":20,"minecraft:stone_pickaxe":6,"minecraft:black_wool":2},"minecraft:broken":{"minecraft:stone_pickaxe":2,"minecraft:stone_axe":1,"minecraft:stone_shovel":1},"minecraft:custom":{"minecraft:interact_with_crafting_table":42,"minecraft:open_barrel":117,"minecraft:leave_game":32,"minecraft:time_since_death":10929,"minecraft:sprint_one_cm":878466,"minecraft:drop":133,"minecraft:talked_to_villager":3,"minecraft:play_time":625293,"minecraft:deaths":4,"minecraft:jump":9271,"minecraft:walk_on_water_one_cm":110017,"minecraft:interact_with_furnace":14,"minecraft:interact_with_cartography_table":1,"minecraft:sleep_in_bed":18,"minecraft:damage_dealt":3432,"minecraft:crouch_one_cm":122299,"minecraft:interact_with_smoker":3,"minecraft:interact_with_smithing_table":1,"minecraft:inspect_dropper":1,"minecraft:mob_kills":27,"minecraft:interact_with_anvil":1,"minecraft:inspect_hopper":1,"minecraft:climb_one_cm":46526,"minecraft:walk_one_cm":904514,"twilightforest:keeping_charms_activated":1,"minecraft:sneak_time":46805,"minecraft:walk_under_water_one_cm":73735,"minecraft:interact_with_lectern":12,"minecraft:total_world_time":625293,"minecraft:pot_flower":1,"minecraft:interact_with_stonecutter":1,"minecraft:time_since_rest":11211,"minecraft:damage_taken":5675,"minecraft:swim_one_cm":362097,"minecraft:fly_one_cm":1575497,"minecraft:open_chest":311,"minecraft:fall_one_cm":205783},"minecraft:picked_up":{"minecraft:iron_chestplate":1,"minecraft:wheat":173,"minecraft:flower_pot":3,"farmersdelight:cutting_board":2,"minecraft:string":15,"tconstruct:earth_slime_dirt":128,"minecraft:raw_copper":335,"twilightforest:rainbow_oak_sapling":1,"minecraft:beetroot":1,"minecraft:gold_nugget":32,"minecraft:cobbled_deepslate":37,"minecraft:bucket":3,"minecraft:spruce_planks":2,"minecraft:rose_bush":3,"minecraft:calcite":6,"crittersandcompanions:koi_fish":1,"minecraft:iron_pickaxe":2,"minecraft:melon_slice":1,"minecraft:furnace":1,"minecraft:stick":50,"minecraft:oak_fence":9,"minecraft:torch":67,"minecraft:porkchop":16,"minecraft:rabbit_foot":1,"minecraft:rotten_flesh":1,"farmersdelight:onion":7,"minecraft:carved_pumpkin":1,"minecraft:cobblestone":62,"minecraft:birch_log":9,"twilightforest:twilight_oak_log":9,"minecraft:water_bucket":3,"minecraft:andesite":50,"minecraft:brown_wool":1,"minecraft:potato":92,"minecraft:flint":1,"minecraft:tuff":31,"minecraft:lapis_lazuli":43,"minecraft:lantern":1,"minecraft:dirt":262,"twilightforest:canopy_sapling":7,"minecraft:bone":23,"minecraft:wheat_seeds":505,"minecraft:raw_gold":21,"create:shaft":4,"minecraft:rabbit":9,"minecraft:mossy_stone_bricks":5,"tconstruct:sky_slime_sapling":3,"minecraft:oak_planks":54,"twilightforest:mushgloom":3,"minecraft:sand":109,"minecraft:lily_of_the_valley":19,"minecraft:barrel":2,"minecraft:mossy_cobblestone":2,"twilightforest:charm_of_keeping_1":2,"minecraft:bone_meal":6,"minecraft:bread":70,"minecraft:emerald":8,"alexsmobs:maggot":1,"minecraft:oak_sapling":4,"twilightforest:torchberries":8,"minecraft:charcoal":3,"minecraft:crafting_table":6,"minecraft:allium":13,"minecraft:azure_bluet":8,"minecraft:ladder":9,"crittersandcompanions:koi_fish_bucket":1,"tconstruct:skyroot_log":7,"minecraft:cornflower":1,"minecraft:flint_and_steel":1,"minecraft:iron_shovel":1,"minecraft:cracked_stone_bricks":6,"minecraft:mossy_cobblestone_wall":4,"minecraft:beef":5,"minecraft:iron_nugget":29,"minecraft:poppy":3,"minecraft:spruce_slab":2,"minecraft:chest":6,"minecraft:egg":2,"minecraft:raw_iron":125,"minecraft:copper_ingot":6,"create:golden_sheet":4,"minecraft:carrot":552,"minecraft:redstone":5,"ars_nouveau:starbuncle_charm":1,"twilightforest:firefly":7,"tconstruct:sky_slime_ball":289,"minecraft:arrow":8,"minecraft:beetroot_seeds":3,"crittersandcompanions:silk":9,"minecraft:hay_block":13,"minecraft:gold_ingot":4,"minecraft:mutton":2,"minecraft:white_wool":9,"minecraft:skeleton_skull":4,"minecraft:stripped_oak_log":1,"minecraft:salmon":8,"minecraft:oak_log":88,"minecraft:lily_pad":4,"minecraft:cobblestone_wall":1,"farmersdelight:skillet":1,"tconstruct:sky_slime_crystal_block":20,"twilightforest:raw_venison":3,"ars_nouveau:green_archwood_sapling":1,"minecraft:kelp":1,"minecraft:apple":3,"minecraft:stone_bricks":22,"minecraft:stone_pickaxe":12,"minecraft:rabbit_hide":14,"minecraft:oak_fence_gate":1,"minecraft:iron_ingot":12,"minecraft:chiseled_stone_bricks":6,"minecraft:raw_iron_block":2,"minecraft:gravel":9,"minecraft:amethyst_shard":24,"ars_nouveau:dominion_wand":1,"minecraft:white_bed":3,"minecraft:spider_eye":1,"minecraft:stone_axe":8,"minecraft:black_wool":2,"minecraft:coal":48},"minecraft:used":{"minecraft:iron_shovel":233,"alexsmobs:small_catfish_bucket":1,"minecraft:poppy":1,"minecraft:ladder":9,"minecraft:chest":10,"minecraft:iron_chestplate":1,"minecraft:carrot":236,"minecraft:tuff":21,"minecraft:lantern":3,"farmersdelight:cutting_board":1,"minecraft:hay_block":2,"minecraft:furnace":1,"minecraft:egg":2,"minecraft:potato":60,"minecraft:stone_pickaxe":333,"minecraft:oak_planks":49,"minecraft:sand":29,"alexsmobs:terrapin_bucket":4,"minecraft:bread":40,"minecraft:melon_slice":3,"minecraft:gravel":1,"minecraft:oak_fence":9,"minecraft:rose_bush":3,"minecraft:flint_and_steel":29,"minecraft:stone_shovel":132,"ars_nouveau:dominion_wand":13,"minecraft:torch":40,"minecraft:dirt":233,"tconstruct:seared_bricks":1,"minecraft:oak_fence_gate":1,"ars_nouveau:starbuncle_charm":1,"minecraft:bookshelf":5,"minecraft:oak_stairs":2,"crittersandcompanions:koi_fish_bucket":31,"minecraft:iron_boots":1,"minecraft:barrel":2,"tconstruct:sky_slime_bucket":40,"minecraft:cobbled_deepslate":37,"minecraft:calcite":6,"minecraft:wheat_seeds":292,"minecraft:water_bucket":84,"twilightforest:twilight_oak_slab":1,"farmersdelight:skillet":130,"minecraft:mossy_cobblestone":2,"minecraft:crafting_table":6,"minecraft:white_bed":4,"minecraft:oak_log":19,"minecraft:flower_pot":2,"minecraft:cornflower":1,"minecraft:apple":20,"minecraft:iron_pickaxe":176,"minecraft:stone_axe":207,"minecraft:cobblestone":57,"minecraft:bucket":161,"alexsmobs:animal_dictionary":2,"minecraft:kelp":1},"minecraft:mined":{"minecraft:spruce_planks":2,"minecraft:white_bed":3,"tconstruct:sky_slime_crystal_block":19,"twilightforest:rainbow_oak_leaves":21,"minecraft:carved_pumpkin":1,"minecraft:grass_block":91,"minecraft:bubble_coral_fan":1,"minecraft:chiseled_stone_bricks":6,"minecraft:spawner":8,"minecraft:tall_seagrass":1,"minecraft:raw_iron_block":2,"minecraft:cobbled_deepslate":6,"minecraft:iron_ore":14,"minecraft:fire":23,"minecraft:barrel":2,"minecraft:azure_bluet":9,"minecraft:dirt_path":1,"minecraft:spruce_slab":2,"minecraft:kelp_plant":1,"minecraft:amethyst_cluster":3,"minecraft:torch":6,"minecraft:calcite":6,"minecraft:mossy_cobblestone_wall":4,"twilightforest:twilight_oak_log":5,"minecraft:chest":6,"minecraft:white_stained_glass_pane":1,"minecraft:cobblestone":11,"minecraft:potted_oak_sapling":1,"minecraft:oak_planks":13,"minecraft:wall_torch":7,"minecraft:skeleton_skull":4,"tconstruct:budding_sky_slime_crystal":2,"minecraft:birch_log":6,"farmersdelight:cutting_board":1,"minecraft:wheat":184,"tconstruct:earth_slime_dirt":8,"twilightforest:root":3,"minecraft:potted_poppy":1,"minecraft:grass":77,"minecraft:oak_log":74,"minecraft:beetroots":1,"minecraft:oak_fence_gate":1,"minecraft:sand":81,"minecraft:dirt":87,"minecraft:oak_leaves":31,"minecraft:deepslate":31,"minecraft:tuff":30,"minecraft:light_gray_stained_glass_pane":2,"minecraft:mossy_cobblestone":1,"ars_nouveau:green_archwood_leaves":6,"farmersdelight:wild_carrots":19,"minecraft:ladder":9,"minecraft:allium":1,"minecraft:redstone_wire":5,"minecraft:spruce_leaves":2,"minecraft:hay_block":13,"farmersdelight:wild_onions":7,"twilightforest:mushgloom":1,"minecraft:furnace":1,"minecraft:carrots":87,"tconstruct:sky_earth_slime_grass":120,"minecraft:andesite":50,"minecraft:potatoes":22,"minecraft:deepslate_iron_ore":49,"minecraft:vine":3,"crittersandcompanions:silk_cocoon":2,"minecraft:stripped_oak_log":1,"minecraft:stone":56,"tconstruct:sky_slime_tall_grass":4,"minecraft:lily_of_the_valley":19,"minecraft:oak_fence":9,"minecraft:crafting_table":5,"minecraft:rose_bush":2,"minecraft:tall_grass":2,"minecraft:copper_ore":98,"minecraft:lapis_ore":4,"minecraft:deepslate_gold_ore":8,"minecraft:lily_pad":3,"twilightforest:mayapple":2,"tconstruct:sky_slime_leaves":1,"minecraft:cobblestone_wall":1,"minecraft:birch_leaves":6,"tconstruct:skyroot_log":7,"minecraft:coal_ore":45,"minecraft:flower_pot":1,"minecraft:gravel":10,"twilightforest:moss_patch":1,"minecraft:cracked_stone_bricks":6,"minecraft:stone_bricks":22,"minecraft:mossy_stone_bricks":5,"minecraft:gold_ore":5,"tconstruct:sky_congealed_slime":72},"minecraft:killed":{"minecraft:spider":1,"minecraft:salmon":8,"twilightforest:skeleton_druid":6,"minecraft:zombie":2,"alexsmobs:fly":1,"twilightforest:dwarf_rabbit":5,"twilightforest:hedge_spider":2,"crittersandcompanions:otter":1},"minecraft:crafted":{"minecraft:brick":12,"minecraft:oak_planks":240,"minecraft:bookshelf":5,"minecraft:glass":5,"minecraft:chest":6,"minecraft:oak_fence":15,"minecraft:oak_slab":6,"minecraft:crafting_table":3,"twilightforest:twilight_oak_slab":6,"minecraft:birch_planks":20,"farmersdelight:skillet":1,"minecraft:stick":80,"minecraft:iron_ingot":23,"minecraft:iron_pickaxe":1,"minecraft:raw_iron":18,"minecraft:stone_shovel":1,"minecraft:furnace":1,"minecraft:flint_and_steel":1,"twilightforest:twilight_oak_planks":20,"minecraft:ladder":9,"minecraft:stone_pickaxe":5,"minecraft:bucket":3,"minecraft:stone_axe":5,"minecraft:bread":59,"minecraft:oak_fence_gate":1,"minecraft:oak_stairs":4,"minecraft:iron_shovel":1,"minecraft:white_bed":1,"minecraft:torch":68},"minecraft:killed_by":{"minecraft:creeper":1,"minecraft:zombie":1}},"DataVersion":3120}