{"stats":{"minecraft:mined":{"ars_nouveau:green_archwood_leaves":6,"farmersdelight:wild_carrots":11,"minecraft:carved_pumpkin":1,"minecraft:torch":2,"minecraft:allium":1,"minecraft:grass_block":29,"minecraft:cobblestone":2,"minecraft:potted_oak_sapling":1,"minecraft:wall_torch":3,"minecraft:hay_block":13,"farmersdelight:wild_onions":7,"minecraft:carrots":87,"minecraft:iron_ore":8,"minecraft:wheat":184,"minecraft:andesite":50,"minecraft:grass":1,"minecraft:oak_log":27,"minecraft:potatoes":22,"minecraft:coal_ore":44,"minecraft:beetroots":1,"minecraft:sand":51,"minecraft:dirt":17,"minecraft:stone":45,"minecraft:gold_ore":5,"minecraft:oak_leaves":12},"minecraft:picked_up":{"minecraft:charcoal":3,"minecraft:allium":13,"minecraft:wheat":165,"minecraft:flower_pot":1,"crittersandcompanions:koi_fish_bucket":1,"minecraft:andesite":50,"minecraft:salmon":5,"minecraft:potato":92,"minecraft:oak_log":27,"minecraft:dirt":46,"minecraft:lantern":1,"ars_nouveau:green_archwood_sapling":1,"minecraft:beetroot":1,"minecraft:wheat_seeds":482,"minecraft:raw_gold":5,"minecraft:beef":5,"minecraft:stone_pickaxe":4,"minecraft:rose_bush":1,"minecraft:stick":1,"minecraft:raw_iron":8,"minecraft:torch":7,"minecraft:porkchop":8,"minecraft:sand":51,"minecraft:carrot":456,"farmersdelight:onion":7,"minecraft:stone_axe":1,"minecraft:beetroot_seeds":3,"minecraft:hay_block":13,"minecraft:carved_pumpkin":1,"minecraft:bone_meal":6,"minecraft:oak_sapling":1,"minecraft:mutton":2,"minecraft:black_wool":2,"minecraft:coal":44,"minecraft:white_wool":6,"minecraft:cobblestone":47},"minecraft:custom":{"minecraft:interact_with_smithing_table":1,"minecraft:interact_with_furnace":4,"minecraft:mob_kills":5,"minecraft:interact_with_crafting_table":10,"minecraft:open_barrel":30,"minecraft:leave_game":6,"minecraft:time_since_death":171716,"minecraft:sleep_in_bed":9,"minecraft:climb_one_cm":7858,"minecraft:time_since_rest":36680,"minecraft:sprint_one_cm":212931,"minecraft:damage_taken":741,"minecraft:walk_one_cm":265378,"minecraft:drop":35,"minecraft:damage_dealt":227,"minecraft:swim_one_cm":97832,"minecraft:talked_to_villager":2,"minecraft:fly_one_cm":280541,"minecraft:open_chest":62,"minecraft:play_time":171716,"minecraft:crouch_one_cm":42322,"minecraft:sneak_time":13570,"minecraft:walk_under_water_one_cm":18903,"minecraft:jump":2079,"minecraft:walk_on_water_one_cm":37814,"minecraft:interact_with_smoker":1,"minecraft:total_world_time":171716,"minecraft:fall_one_cm":52916},"minecraft:crafted":{"minecraft:oak_planks":84,"minecraft:stone_shovel":1,"minecraft:crafting_table":1,"minecraft:bucket":1,"minecraft:bread":17,"minecraft:glass":5,"minecraft:stick":24,"minecraft:iron_ingot":7,"minecraft:iron_pickaxe":1,"minecraft:stone_pickaxe":3,"minecraft:torch":60},"minecraft:used":{"minecraft:wheat_seeds":291,"minecraft:water_bucket":37,"minecraft:rose_bush":1,"minecraft:stone_shovel":43,"minecraft:stone_pickaxe":124,"minecraft:torch":17,"minecraft:sand":16,"minecraft:dirt":21,"minecraft:carrot":121,"alexsmobs:terrapin_bucket":4,"minecraft:bread":2,"minecraft:iron_pickaxe":32,"crittersandcompanions:koi_fish_bucket":18,"minecraft:stone_axe":37,"minecraft:cobblestone":28,"minecraft:hay_block":2,"minecraft:bucket":60,"alexsmobs:animal_dictionary":1,"minecraft:potato":60},"minecraft:killed":{"minecraft:salmon":5},"minecraft:dropped":{"minecraft:water_bucket":1,"minecraft:bread":14,"minecraft:porkchop":8,"minecraft:wheat_seeds":70,"minecraft:wheat":130,"minecraft:light_gray_wool":3,"minecraft:carrot":192,"minecraft:emerald":5,"minecraft:potato":26,"minecraft:gray_wool":2,"minecraft:hay_block":11,"ars_nouveau:green_archwood_sapling":1,"minecraft:allium":13,"minecraft:mutton":2,"minecraft:charcoal":3,"minecraft:beetroot_seeds":3,"minecraft:gold_nugget":9,"minecraft:stone_pickaxe":4,"minecraft:beef":5,"minecraft:white_wool":6,"minecraft:black_wool":2}},"DataVersion":3120}