{"stats":{"minecraft:broken":{"minecraft:stone_pickaxe":1,"minecraft:stone_axe":1,"minecraft:stone_shovel":1},"minecraft:killed_by":{"minecraft:creeper":1},"minecraft:killed":{"minecraft:spider":1,"minecraft:salmon":8,"minecraft:zombie":1,"alexsmobs:fly":1},"minecraft:used":{"minecraft:rose_bush":3,"minecraft:iron_shovel":233,"minecraft:flint_and_steel":27,"minecraft:stone_shovel":132,"minecraft:ladder":9,"minecraft:chest":3,"minecraft:torch":28,"minecraft:dirt":110,"minecraft:carrot":176,"minecraft:tuff":6,"minecraft:bookshelf":5,"minecraft:lantern":1,"minecraft:oak_stairs":2,"crittersandcompanions:koi_fish_bucket":26,"minecraft:hay_block":2,"minecraft:furnace":1,"tconstruct:sky_slime_bucket":40,"minecraft:potato":60,"minecraft:cobbled_deepslate":17,"minecraft:calcite":6,"minecraft:wheat_seeds":291,"minecraft:water_bucket":54,"minecraft:stone_pickaxe":196,"minecraft:oak_planks":49,"minecraft:mossy_cobblestone":2,"minecraft:sand":27,"minecraft:crafting_table":3,"minecraft:white_bed":4,"minecraft:oak_log":18,"alexsmobs:terrapin_bucket":4,"minecraft:flower_pot":1,"minecraft:apple":1,"minecraft:bread":9,"minecraft:iron_pickaxe":86,"minecraft:stone_axe":155,"minecraft:cobblestone":57,"minecraft:bucket":126,"alexsmobs:animal_dictionary":1},"minecraft:custom":{"minecraft:interact_with_smithing_table":1,"minecraft:mob_kills":12,"minecraft:interact_with_crafting_table":24,"minecraft:open_barrel":48,"minecraft:leave_game":23,"minecraft:time_since_death":38379,"minecraft:climb_one_cm":38268,"minecraft:sprint_one_cm":354496,"minecraft:walk_one_cm":482142,"minecraft:drop":58,"minecraft:talked_to_villager":3,"minecraft:play_time":345334,"minecraft:deaths":2,"minecraft:sneak_time":31331,"minecraft:walk_under_water_one_cm":52130,"minecraft:jump":4081,"minecraft:walk_on_water_one_cm":78972,"minecraft:total_world_time":345334,"minecraft:interact_with_furnace":8,"minecraft:interact_with_cartography_table":1,"minecraft:sleep_in_bed":14,"minecraft:time_since_rest":25913,"minecraft:damage_taken":2994,"minecraft:damage_dealt":917,"minecraft:swim_one_cm":221000,"minecraft:fly_one_cm":498019,"minecraft:open_chest":121,"minecraft:crouch_one_cm":85039,"minecraft:interact_with_smoker":1,"minecraft:fall_one_cm":110790},"minecraft:crafted":{"minecraft:oak_planks":168,"minecraft:stone_shovel":1,"minecraft:furnace":1,"minecraft:bookshelf":5,"minecraft:flint_and_steel":1,"minecraft:glass":5,"minecraft:ladder":9,"minecraft:stone_pickaxe":3,"minecraft:chest":2,"minecraft:oak_slab":6,"minecraft:crafting_table":1,"minecraft:bucket":3,"minecraft:birch_planks":20,"minecraft:stone_axe":5,"minecraft:bread":17,"minecraft:stick":60,"minecraft:iron_ingot":18,"minecraft:iron_pickaxe":1,"minecraft:oak_stairs":4,"minecraft:iron_shovel":1,"minecraft:white_bed":1,"minecraft:torch":60},"minecraft:mined":{"minecraft:tuff":9,"minecraft:white_bed":3,"minecraft:light_gray_stained_glass_pane":2,"minecraft:mossy_cobblestone":1,"ars_nouveau:green_archwood_leaves":6,"farmersdelight:wild_carrots":19,"tconstruct:sky_slime_crystal_block":19,"minecraft:carved_pumpkin":1,"minecraft:ladder":9,"minecraft:allium":1,"minecraft:grass_block":71,"minecraft:bubble_coral_fan":1,"minecraft:hay_block":13,"farmersdelight:wild_onions":7,"minecraft:raw_iron_block":1,"minecraft:furnace":1,"minecraft:carrots":87,"tconstruct:sky_earth_slime_grass":120,"minecraft:iron_ore":11,"minecraft:fire":23,"minecraft:andesite":50,"minecraft:potatoes":22,"minecraft:deepslate_iron_ore":33,"minecraft:vine":3,"minecraft:dirt_path":1,"minecraft:stripped_oak_log":1,"minecraft:stone":54,"tconstruct:sky_slime_tall_grass":4,"minecraft:amethyst_cluster":3,"minecraft:crafting_table":3,"minecraft:torch":3,"minecraft:calcite":6,"minecraft:chest":1,"minecraft:white_stained_glass_pane":1,"minecraft:rose_bush":2,"minecraft:tall_grass":1,"minecraft:copper_ore":1,"minecraft:cobblestone":11,"minecraft:deepslate_gold_ore":8,"minecraft:lily_pad":2,"minecraft:potted_oak_sapling":1,"minecraft:oak_planks":13,"minecraft:wall_torch":3,"tconstruct:budding_sky_slime_crystal":2,"tconstruct:sky_slime_leaves":1,"minecraft:birch_log":6,"minecraft:wheat":184,"tconstruct:earth_slime_dirt":8,"minecraft:birch_leaves":1,"tconstruct:skyroot_log":7,"minecraft:grass":7,"minecraft:oak_log":74,"minecraft:coal_ore":44,"minecraft:beetroots":1,"minecraft:flower_pot":1,"minecraft:gravel":1,"minecraft:sand":81,"minecraft:dirt":63,"minecraft:gold_ore":5,"minecraft:oak_leaves":22,"minecraft:deepslate":20,"tconstruct:sky_congealed_slime":72},"minecraft:picked_up":{"minecraft:charcoal":3,"minecraft:crafting_table":4,"minecraft:wheat":165,"minecraft:allium":13,"crittersandcompanions:koi_fish_bucket":1,"minecraft:ladder":9,"minecraft:flower_pot":2,"tconstruct:skyroot_log":7,"tconstruct:earth_slime_dirt":128,"minecraft:raw_copper":2,"minecraft:flint_and_steel":1,"minecraft:iron_shovel":1,"minecraft:beetroot":1,"minecraft:cobbled_deepslate":20,"minecraft:bucket":1,"minecraft:beef":5,"minecraft:rose_bush":3,"minecraft:calcite":6,"minecraft:iron_pickaxe":1,"minecraft:chest":1,"minecraft:furnace":1,"minecraft:stick":1,"minecraft:raw_iron":41,"minecraft:torch":48,"minecraft:porkchop":8,"minecraft:carrot":521,"tconstruct:sky_slime_ball":289,"minecraft:beetroot_seeds":3,"farmersdelight:onion":7,"minecraft:hay_block":13,"minecraft:carved_pumpkin":1,"minecraft:mutton":2,"minecraft:white_wool":9,"minecraft:cobblestone":60,"minecraft:stripped_oak_log":1,"minecraft:birch_log":9,"minecraft:andesite":50,"minecraft:water_bucket":1,"minecraft:salmon":8,"minecraft:potato":92,"minecraft:flint":1,"minecraft:tuff":10,"minecraft:oak_log":82,"minecraft:lily_pad":3,"minecraft:lantern":1,"minecraft:lapis_lazuli":1,"minecraft:dirt":151,"tconstruct:sky_slime_crystal_block":20,"ars_nouveau:green_archwood_sapling":1,"minecraft:apple":1,"minecraft:wheat_seeds":483,"minecraft:raw_gold":13,"minecraft:stone_pickaxe":8,"tconstruct:sky_slime_sapling":3,"minecraft:oak_planks":50,"minecraft:raw_iron_block":1,"minecraft:sand":79,"minecraft:amethyst_shard":12,"minecraft:white_bed":3,"minecraft:mossy_cobblestone":2,"minecraft:stone_axe":2,"minecraft:bone_meal":6,"minecraft:bread":10,"alexsmobs:maggot":1,"minecraft:oak_sapling":3,"minecraft:black_wool":2,"minecraft:coal":44},"minecraft:dropped":{"minecraft:water_bucket":1,"minecraft:bread":14,"minecraft:porkchop":8,"minecraft:wheat_seeds":70,"minecraft:emerald":5,"minecraft:gray_wool":2,"ars_nouveau:green_archwood_sapling":1,"minecraft:mutton":2,"minecraft:gold_nugget":9,"minecraft:white_wool":6,"minecraft:redstone":1,"minecraft:wheat":130,"minecraft:light_gray_wool":3,"minecraft:carrot":192,"minecraft:potato":26,"minecraft:hay_block":11,"minecraft:allium":13,"minecraft:charcoal":3,"minecraft:beetroot_seeds":3,"tconstruct:sky_slime_crystal_block":20,"minecraft:beef":5,"minecraft:stone_pickaxe":6,"minecraft:black_wool":2}},"DataVersion":3120}