{"stats":{"minecraft:picked_up":{"nethersdelight:hoglin_loin":12,"gamma_beasts:thin_oak_log":27,"minecraft:cocoa_beans":26,"minecraft:iron_chestplate":1,"minecraft:wheat":20,"minecraft:allium":19,"minecraft:azure_bluet":1,"minecraft:flower_pot":4,"gamma_beasts:fur":2,"aether:iron_gloves":1,"ars_nouveau:blue_archwood_sapling":1,"ars_nouveau:magebloom_fiber":7,"minecraft:shield":2,"minecraft:string":19,"minecraft:raw_copper":9,"minecraft:iron_axe":3,"minecraft:iron_leggings":2,"minecraft:item_frame":2,"minecraft:iron_shovel":3,"minecraft:experience_bottle":1,"minecraft:blackstone":7,"alexsmobs:blood_sac":15,"alexsmobs:banana":1,"minecraft:gold_nugget":58,"minecraft:cobbled_deepslate":17,"minecraft:beef":3,"culturaldelights:corn_kernels":4,"minecraft:oak_boat":7,"minecraft:written_book":1,"minecraft:iron_nugget":6,"minecraft:poppy":12,"minecraft:iron_pickaxe":1,"minecraft:spruce_slab":2,"minecraft:melon_slice":3,"minecraft:chest":6,"minecraft:piston":1,"gamma_beasts:lemon":12,"minecraft:iron_boots":1,"minecraft:egg":4,"minecraft:golden_helmet":1,"minecraft:stick":9,"gamma_beasts:jungle_leaf":8,"minecraft:stone":23,"minecraft:torch":129,"minecraft:spruce_stairs":4,"spanishdelight:red_pepper":22,"minecraft:snow_block":10,"ars_nouveau:frostaya_pod":3,"minecraft:stone_button":1,"minecraft:carrot":112,"minecraft:redstone":442,"minecraft:tnt":1,"minecraft:bamboo_block":2,"minecraft:arrow":105,"minecraft:weeping_vines":2,"minecraft:rotten_flesh":6,"crittersandcompanions:dragonfly_wing":7,"farmersdelight:onion":3,"minecraft:deepslate_bricks":4,"ars_nouveau:apprentice_spell_book":4,"crittersandcompanions:silk":11,"aether:purple_flower":1,"minecraft:deepslate_brick_stairs":1,"alexsmobs:flying_fish":2,"minecraft:cobblestone":1310,"minecraft:oxeye_daisy":2,"minecraft:feather":3,"aether:skyroot_sapling":1,"minecraft:andesite":11,"minecraft:jungle_log":1,"ars_nouveau:wilden_wing":1,"minecraft:oak_log":3,"minecraft:tuff":3,"gamma_beasts:green_apple":84,"gamma_beasts:oak_leaf":37,"minecraft:gunpowder":1,"farmersdelight:carrot_crate":9,"farmersdelight:skillet":1,"create_more_features:sulfur":5,"minecraft:dirt":1325,"minecraft:lantern":2,"minecraft:stripped_bamboo_block":1,"minecraft:red_carpet":2,"minecraft:bone":107,"farmersdelight:iron_knife":1,"minecraft:bow":15,"minecraft:wheat_seeds":107,"gamma_beasts:meat":2,"minecraft:rabbit_hide":2,"minecraft:grindstone":1,"minecraft:iron_ingot":7,"minecraft:cobweb":15,"tfmg:galena":22,"minecraft:bamboo":23,"crittersandcompanions:pearl":2,"minecraft:oak_planks":139,"aquaculturedelight:turtle_meat_dish":2,"minecraft:oak_slab":49,"spanishdelight:garlic":41,"travelersbackpack:squid":3,"minecraft:quartz":64,"minecraft:dandelion":10,"minecraft:gravel":1,"minecraft:lava_bucket":1,"minecraft:sand":1,"ars_nouveau:archmage_spell_book":1,"undergarden:wigglewood_boat":1,"minecraft:dead_bush":1,"travelersbackpack:purple_sleeping_bag":1,"minecraft:spider_eye":2,"minecraft:leather_helmet":1,"travelersbackpack:white_sleeping_bag":4,"minecraft:iron_hoe":1,"travelersbackpack:standard":10,"waystones:waystone":3,"minecraft:iron_helmet":2,"minecraft:granite":40,"minecraft:emerald":2,"minecraft:spruce_sign":5,"minecraft:chainmail_helmet":1,"minecraft:bread":167,"minecraft:netherrack":77,"minecraft:oak_leaves":7,"minecraft:crimson_roots":4},"minecraft:crafted":{"minecraft:oak_planks":190,"minecraft:barrel":6,"minecraft:oak_trapdoor":2,"minecraft:chest":8,"minecraft:oak_slab":186,"minecraft:crafting_table":2,"minecraft:bucket":1,"aquaculturedelight:cooked_small_turtle_meat":24,"minecraft:oak_boat":1,"minecraft:stick":8,"minecraft:iron_pickaxe":1,"minecraft:iron_shovel":2,"minecraft:carrot":81,"minecraft:shears":2},"minecraft:broken":{"minecraft:iron_shovel":1,"aether:iron_gloves":1,"minecraft:iron_sword":1},"minecraft:custom":{"minecraft:interact_with_anvil":2,"minecraft:mob_kills":132,"minecraft:animals_bred":10,"minecraft:inspect_hopper":1,"minecraft:interact_with_crafting_table":12,"minecraft:open_barrel":17,"minecraft:eat_cake_slice":1,"minecraft:leave_game":26,"minecraft:time_since_death":264686,"minecraft:damage_resisted":733,"minecraft:climb_one_cm":18746,"minecraft:sprint_one_cm":455746,"minecraft:walk_one_cm":1228435,"minecraft:damage_blocked_by_shield":1650,"minecraft:drop":382,"minecraft:talked_to_villager":20,"minecraft:play_time":391390,"minecraft:sneak_time":46035,"minecraft:deaths":3,"minecraft:walk_under_water_one_cm":35236,"minecraft:boat_one_cm":961303,"minecraft:jump":6226,"minecraft:walk_on_water_one_cm":30980,"minecraft:total_world_time":391390,"twilightforest:uncrafting_table_interactions":2,"minecraft:sleep_in_bed":18,"minecraft:time_since_rest":3873,"minecraft:waystone_activated":10,"minecraft:damage_taken":2764,"minecraft:trigger_trapped_chest":1,"minecraft:damage_dealt":17001,"minecraft:swim_one_cm":38161,"minecraft:fly_one_cm":1362669,"minecraft:crouch_one_cm":212458,"minecraft:open_chest":154,"minecraft:interact_with_smoker":2,"minecraft:fall_one_cm":144774},"minecraft:killed":{"crittersandcompanions:dumbo_octopus":1,"crittersandcompanions:dragonfly":5,"minecraft:skeleton":92,"gamma_beasts:sppinto":1,"alexsmobs:flying_fish":2,"minecraft:piglin":2,"crittersandcompanions:sea_bunny":1,"crittersandcompanions:jumping_spider":1,"minecraft:hoglin":1,"minecraft:creeper":1,"alexsmobs:crimson_mosquito":6,"minecraft:zombie":4,"crittersandcompanions:shima_enaga":2,"gamma_beasts:sppinto_spawn":1,"minecraft:cow":1},"minecraft:used":{"crittersandcompanions:dumbo_octopus_spawn_egg":1,"minecraft:oak_trapdoor":2,"gamma_beasts:sppinto_spawn_spawn_egg":1,"minecraft:iron_shovel":384,"minecraft:flint_and_steel":22,"minecraft:spruce_slab":2,"crittersandcompanions:ferret_spawn_egg":1,"minecraft:redstone":1,"minecraft:oak_sign":1,"minecraft:chest":12,"minecraft:iron_sword":247,"minecraft:shield":45,"minecraft:stone":2,"create_sa:blazing_cleaver":46,"minecraft:netherrack":7,"minecraft:iron_chestplate":1,"crittersandcompanions:red_panda_spawn_egg":2,"minecraft:torch":1,"minecraft:dirt":285,"crittersandcompanions:otter_spawn_egg":2,"gamma_beasts:prehnite_armor_boots":1,"twilightforest:canopy_boat":1,"minecraft:carrot":80,"create_wt:steel_katana":34,"minecraft:lava_bucket":1,"minecraft:iron_axe":235,"minecraft:grass_block":15,"minecraft:iron_helmet":1,"crittersandcompanions:shima_enaga_spawn_egg":2,"minecraft:crimson_roots":4,"crittersandcompanions:sea_bunny_slime_block":1,"create_sa:brass_sword":2,"minecraft:item_frame":1,"minecraft:red_carpet":2,"minecraft:sweet_berries":4,"minecraft:bow":4,"minecraft:beef":1,"minecraft:written_book":11,"crittersandcompanions:jumping_spider_spawn_egg":3,"minecraft:egg":4,"spanishdelight:garlic":1,"minecraft:iron_leggings":1,"minecraft:wheat_seeds":22,"minecraft:water_bucket":33,"farmersdelight:skillet":66,"create_sa:experience_sword":8,"minecraft:oak_planks":168,"minecraft:blackstone":3,"minecraft:spruce_sign":2,"minecraft:deepslate_bricks":2,"minecraft:oak_leaves":7,"minecraft:rabbit_spawn_egg":1,"minecraft:sand":1,"minecraft:oak_slab":123,"minecraft:tnt":29,"minecraft:crafting_table":2,"minecraft:bamboo_block":2,"minecraft:shears":24,"alexsmobs:terrapin_bucket":3,"minecraft:piston":1,"waystones:waystone":4,"gamma_beasts:prehnite_armor_chestplate":1,"gamma_beasts:prehnite_armor_leggings":1,"minecraft:flower_pot":2,"crittersandcompanions:dragonfly_spawn_egg":1,"minecraft:stripped_bamboo_block":1,"minecraft:bread":43,"create_sa:copper_sword":2,"minecraft:iron_pickaxe":120,"travelersbackpack:white_sleeping_bag":4,"create_wt:steel_hammer":5,"aquaculturedelight:turtle_meat_dish":1,"minecraft:gravel":1,"minecraft:golden_helmet":1,"crittersandcompanions:dumbo_octopus_bucket":1,"minecraft:cobblestone":1,"travelersbackpack:standard":8,"undergarden:wigglewood_boat":2,"minecraft:bucket":37,"minecraft:oak_boat":8,"crittersandcompanions:sea_bunny_spawn_egg":1,"minecraft:experience_bottle":1},"minecraft:dropped":{"minecraft:oak_slab":3,"minecraft:wheat_seeds":16,"gamma_beasts:oak_leaf":28,"aether:skyroot_sapling":1,"travelersbackpack:squid":2,"minecraft:weeping_vines":1,"minecraft:cobblestone":896,"minecraft:lava_bucket":2,"minecraft:dirt":416,"ars_nouveau:blue_archwood_sapling":1,"minecraft:torch":64,"farmersdelight:onion":3,"minecraft:iron_shovel":1,"minecraft:dandelion":6,"minecraft:redstone":441,"minecraft:bone":1,"minecraft:snow_block":10,"minecraft:iron_nugget":3,"minecraft:bowl":1,"minecraft:oak_planks":1,"ars_nouveau:frostaya_pod":3,"minecraft:azure_bluet":1,"gamma_beasts:green_apple":6,"minecraft:carrot":45,"minecraft:flint_and_steel":1,"minecraft:gunpowder":1,"spanishdelight:garlic":36,"minecraft:allium":19,"aether:iron_gloves":1,"minecraft:jungle_log":1,"culturaldelights:corn_kernels":2,"minecraft:spider_eye":2,"minecraft:beef":2,"minecraft:netherrack":2},"minecraft:mined":{"minecraft:tuff":3,"minecraft:red_carpet":2,"gamma_beasts:roble_hoja_1":2,"gamma_beasts:jungla_hoja_1":9,"farmersdelight:wild_carrots":6,"minecraft:jungle_leaves":113,"gamma_beasts:roblo_hoja":15,"minecraft:granite":40,"minecraft:grass_block":22,"minecraft:jungle_log":1,"minecraft:crimson_roots":5,"minecraft:redstone_wire":1,"minecraft:deepslate_bricks":3,"travelersbackpack:white_sleeping_bag":3,"spanishdelight:wild_garlic":2,"minecraft:potted_bamboo":2,"minecraft:bamboo_block":2,"minecraft:weeping_vines_plant":1,"minecraft:carrots":16,"minecraft:andesite":8,"minecraft:dirt_path":11,"minecraft:vine":6,"crittersandcompanions:silk_cocoon":2,"minecraft:deepslate_brick_stairs":1,"minecraft:stripped_bamboo_block":1,"minecraft:bamboo":2,"minecraft:stone":8,"minecraft:oak_slab":36,"arsdelight:frostaya_jelly":1,"minecraft:blackstone":6,"gamma_beasts:jungla_hoja":6,"minecraft:crimson_nylium":7,"ars_nouveau:light_block":5,"spanishdelight:wild_red_pepper":6,"minecraft:dandelion":4,"travelersbackpack:standard":9,"minecraft:poppy":12,"minecraft:melon":1,"minecraft:chest":6,"farmersdelight:carrot_crate":9,"minecraft:tall_grass":5,"minecraft:cobblestone":4,"minecraft:oak_planks":100,"minecraft:spruce_stairs":2,"culturaldelights:wild_corn":1,"tfmg:galena":22,"minecraft:wheat":20,"minecraft:tnt":1,"gamma_beasts:thin_oak_log":23,"minecraft:grass":118,"minecraft:oak_log":3,"minecraft:cocoa":10,"minecraft:gravel":1,"minecraft:sand":1,"minecraft:flower_pot":1,"minecraft:dirt":401,"minecraft:cobweb":33,"minecraft:netherrack":1,"minecraft:piston":1,"minecraft:oak_leaves":39,"minecraft:deepslate":14,"minecraft:fern":33},"minecraft:killed_by":{"minecraft:piglin_brute":2,"minecraft:hoglin":1}},"DataVersion":3465}