{"stats":{"minecraft:mined":{"minecraft:tuff":1,"minecraft:white_bed":2,"minecraft:mossy_cobblestone":8,"farmersdelight:wild_carrots":11,"tconstruct:sky_slime_crystal_block":60,"minecraft:granite":2,"minecraft:grass_block":13,"minecraft:spruce_fence":1,"tconstruct:sky_slime_crystal_cluster":2,"minecraft:hay_block":13,"minecraft:furnace":1,"minecraft:carrots":61,"minecraft:iron_ore":7,"minecraft:cobbled_deepslate":9,"minecraft:andesite":14,"minecraft:pumpkin":1,"minecraft:azure_bluet":1,"minecraft:potatoes":11,"minecraft:deepslate_iron_ore":2,"minecraft:stone":131,"minecraft:potted_allium":1,"minecraft:jungle_trapdoor":3,"minecraft:red_bed":1,"minecraft:crafting_table":4,"minecraft:torch":10,"minecraft:calcite":7,"minecraft:campfire":1,"minecraft:cobblestone":20,"minecraft:diorite":8,"minecraft:wall_torch":1,"tconstruct:budding_sky_slime_crystal":4,"minecraft:birch_log":10,"minecraft:wheat":43,"minecraft:birch_leaves":2,"minecraft:grass":9,"minecraft:oak_log":40,"minecraft:coal_ore":93,"minecraft:beetroots":1,"minecraft:gravel":1,"minecraft:dirt":26,"minecraft:oak_leaves":9,"minecraft:deepslate":31},"minecraft:picked_up":{"minecraft:charcoal":2,"minecraft:crafting_table":5,"minecraft:allium":1,"minecraft:wheat":45,"minecraft:azure_bluet":1,"minecraft:flower_pot":1,"minecraft:lead":3,"minecraft:jungle_trapdoor":3,"minecraft:string":1,"minecraft:red_bed":1,"minecraft:beetroot":1,"minecraft:sea_pickle":3,"minecraft:gold_nugget":1,"minecraft:cobbled_deepslate":60,"minecraft:calcite":7,"minecraft:iron_nugget":3,"minecraft:furnace":1,"minecraft:raw_iron":17,"minecraft:torch":68,"minecraft:spruce_fence":1,"minecraft:porkchop":5,"minecraft:diorite":8,"minecraft:carrot":213,"tconstruct:sky_slime_crystal":8,"minecraft:rotten_flesh":5,"minecraft:beetroot_seeds":4,"minecraft:hay_block":13,"minecraft:cobblestone":163,"minecraft:birch_log":10,"create:iron_sheet":2,"minecraft:water_bucket":3,"minecraft:andesite":20,"minecraft:leather":2,"minecraft:potato":35,"minecraft:flint":1,"minecraft:tuff":1,"minecraft:oak_log":46,"tconstruct:sky_slime_crystal_block":60,"minecraft:dirt":45,"minecraft:lantern":1,"minecraft:bone":1,"minecraft:wheat_seeds":130,"minecraft:stone_pickaxe":4,"minecraft:iron_ingot":5,"minecraft:pumpkin":1,"minecraft:gravel":1,"minecraft:white_bed":2,"minecraft:spider_eye":1,"minecraft:mossy_cobblestone":8,"minecraft:granite":1,"minecraft:spruce_sign":2,"minecraft:bread":1,"minecraft:baked_potato":1,"minecraft:oak_sapling":1,"minecraft:coal":117},"minecraft:broken":{"minecraft:stone_pickaxe":1,"minecraft:stone_axe":1},"minecraft:used":{"minecraft:beetroot":1,"minecraft:torch":92,"minecraft:dirt":44,"minecraft:carrot":173,"minecraft:jungle_trapdoor":3,"minecraft:tuff":1,"minecraft:spruce_fence":1,"minecraft:granite":1,"minecraft:azure_bluet":1,"minecraft:wooden_axe":25,"minecraft:iron_boots":1,"minecraft:furnace":1,"minecraft:oak_sapling":1,"minecraft:potato":20,"minecraft:cobbled_deepslate":35,"minecraft:wheat_seeds":57,"minecraft:diorite":8,"minecraft:stone_pickaxe":423,"minecraft:baked_potato":1,"minecraft:wooden_pickaxe":20,"minecraft:mossy_cobblestone":4,"farmersdelight:onion":2,"minecraft:crafting_table":5,"minecraft:white_bed":1,"minecraft:birch_fence":1,"alexsmobs:terrapin_bucket":1,"minecraft:wooden_hoe":7,"minecraft:bread":15,"minecraft:gravel":1,"minecraft:stone_axe":123,"minecraft:cobblestone":112,"minecraft:bucket":1,"minecraft:andesite":20,"alexsmobs:animal_dictionary":2},"minecraft:killed":{"minecraft:cave_spider":1,"minecraft:skeleton":2,"minecraft:pig":2,"minecraft:wandering_trader":1,"minecraft:trader_llama":2,"minecraft:zombie":9},"minecraft:dropped":{"minecraft:water_bucket":3,"minecraft:iron_ingot":2,"minecraft:bread":20,"minecraft:flint":1,"minecraft:torch":8,"minecraft:string":1,"minecraft:iron_nugget":1,"minecraft:cobbled_deepslate":1,"minecraft:rotten_flesh":3,"minecraft:carrot":1,"minecraft:potato":15,"minecraft:spider_eye":1,"tconstruct:sky_slime_crystal_block":60,"minecraft:stone_pickaxe":6,"tconstruct:sky_slime_crystal":8},"minecraft:crafted":{"minecraft:oak_planks":96,"minecraft:furnace":1,"minecraft:stone_pickaxe":10,"minecraft:wheat":99,"minecraft:crafting_table":3,"minecraft:wooden_pickaxe":1,"minecraft:baked_potato":34,"minecraft:copper_ingot":56,"minecraft:birch_planks":20,"minecraft:stone_axe":7,"minecraft:bread":34,"minecraft:wooden_hoe":1,"minecraft:birch_fence":3,"minecraft:stick":116,"minecraft:iron_ingot":2,"minecraft:wooden_axe":1,"minecraft:torch":216},"minecraft:killed_by":{"minecraft:player":1},"minecraft:custom":{"minecraft:mob_kills":20,"minecraft:interact_with_crafting_table":35,"minecraft:open_barrel":41,"minecraft:bell_ring":1,"minecraft:damage_dealt_resisted":67,"minecraft:leave_game":9,"minecraft:time_since_death":18483,"minecraft:climb_one_cm":13853,"minecraft:sprint_one_cm":279895,"minecraft:walk_one_cm":408763,"minecraft:drop":81,"minecraft:talked_to_villager":9,"minecraft:play_time":270021,"minecraft:deaths":4,"minecraft:sneak_time":36562,"minecraft:walk_under_water_one_cm":26442,"minecraft:jump":3241,"minecraft:walk_on_water_one_cm":39968,"minecraft:total_world_time":270021,"minecraft:interact_with_furnace":33,"minecraft:sleep_in_bed":3,"minecraft:time_since_rest":18535,"minecraft:damage_taken":4068,"minecraft:damage_dealt":4306,"minecraft:swim_one_cm":45407,"minecraft:fly_one_cm":451512,"minecraft:open_chest":100,"minecraft:crouch_one_cm":90587,"minecraft:fall_one_cm":111024}},"DataVersion":3120}