{"stats":{"minecraft:crafted":{"aquaculturedelight:halaszle":1,"create:mechanical_press":1,"gamma_beasts:prehnite_armor_helmet":3,"create:cogwheel":39,"gamma_beasts:prehnite_armor_boots":3,"farmersdelight:flint_knife":1,"travelersbackpack:standard":4,"create:gearbox":6,"gamma_beasts:prehnite_armor_leggings":3,"minecraft:iron_pickaxe":1,"gamma_beasts:prehnite_pickaxe":1,"create:wrench":1,"gamma_beasts:prehnite_sword":1,"minecraft:wheat":117,"gamma_beasts:prehnite_axe":2,"create:goggles":1,"create:redstone_contact":2,"travelersbackpack:pumpkin":4,"create:shaft":580,"minecraft:oak_planks":344,"gamma_beasts:prehnite_armor_chestplate":3,"minecraft:chest":6,"minecraft:crafting_table":2,"travelersbackpack:quartz":1,"create:water_wheel":2,"minecraft:stick":12,"minecraft:polished_andesite":12,"minecraft:air":0,"minecraft:bread":39,"minecraft:oak_boat":1},"minecraft:custom":{"minecraft:interact_with_crafting_table":34,"minecraft:open_barrel":64,"minecraft:bell_ring":10,"minecraft:eat_cake_slice":2,"minecraft:leave_game":20,"minecraft:time_since_death":651854,"minecraft:damage_blocked_by_shield":8280,"minecraft:play_time":3036219,"minecraft:deaths":11,"minecraft:jump":25031,"minecraft:interact_with_furnace":3,"minecraft:sleep_in_bed":110,"minecraft:waystone_activated":15,"minecraft:damage_dealt":24037,"minecraft:use_cauldron":1,"minecraft:interact_with_smithing_table":13,"minecraft:interact_with_anvil":3,"minecraft:inspect_hopper":4,"minecraft:sneak_time":89790,"minecraft:total_world_time":3125164,"minecraft:interact_with_stonecutter":1,"minecraft:time_since_rest":107001,"minecraft:swim_one_cm":173665,"minecraft:fly_one_cm":9140146,"minecraft:open_chest":591,"minecraft:fall_one_cm":319802,"minecraft:animals_bred":4,"minecraft:damage_resisted":3355,"minecraft:sprint_one_cm":2485751,"minecraft:drop":4027,"minecraft:talked_to_villager":90,"minecraft:walk_on_water_one_cm":267520,"minecraft:interact_with_loom":7,"minecraft:crouch_one_cm":139195,"minecraft:mob_kills":177,"minecraft:fill_cauldron":12,"minecraft:climb_one_cm":89973,"minecraft:walk_one_cm":7746923,"minecraft:walk_under_water_one_cm":243112,"minecraft:boat_one_cm":226761,"minecraft:interact_with_grindstone":1,"minecraft:damage_taken":11758,"minecraft:trigger_trapped_chest":9},"minecraft:dropped":{"minecraft:iron_sword":1,"aether:golden_parachute":1,"gamma_beasts:prehnite_armor_helmet":2,"aether:skyroot_sapling":2,"aether:swet_ball":1,"minecraft:weeping_vines":3,"minecraft:orange_tulip":3,"create:cogwheel":1,"minecraft:item_frame":2,"minecraft:dirt":66,"gamma_beasts:prehnite_armor_boots":2,"minecraft:sand":5,"minecraft:iron_pickaxe":1,"create:elevator_pulley":1,"minecraft:bone":3,"createfood:fried_egg_hash_brown_sandwich":64,"minecraft:iron_nugget":8,"ars_nouveau:apprentice_spell_book":4,"minecraft:cobbled_deepslate":66,"minecraft:rotten_flesh":7,"minecraft:oak_planks":9,"create:adjustable_chain_gearshift":1,"gamma_beasts:prehnite_sword":1,"create:encased_fan":2,"create:wrench":1,"minecraft:leather_leggings":1,"minecraft:glass":64,"minecraft:egg":3,"create:basin":2,"minecraft:iron_ingot":49,"create:attribute_filter":1,"minecraft:black_dye":60,"minecraft:wheat_seeds":63,"minecraft:deepslate_redstone_ore":128,"travelersbackpack:squid":1,"gamma_beasts:prehnite_axe":3,"minecraft:cobblestone":1223,"minecraft:apple":3,"minecraft:granite":6,"interiors:orange_floor_chair":1,"minecraft:infested_deepslate":2,"minecraft:coal":19,"minecraft:oxeye_daisy":4,"minecraft:lava_bucket":1,"create_more_features:incomplete_diamond":2,"minecraft:mossy_cobblestone_stairs":1,"minecraft:paper":2,"minecraft:iron_shovel":1,"minecraft:string":2,"minecraft:bricks":4,"create:brass_funnel":11,"minecraft:redstone_ore":17,"alexscaves:cave_codex":1,"create:mechanical_pump":2,"minecraft:suspicious_gravel":1,"create_sa:heap_of_experience":1,"create:orange_seat":1,"minecraft:hay_block":1,"create:item_vault":7,"minecraft:stone":21,"tfmg:bauxite":6,"create_more_features:graphite":79,"minecraft:diamond_pickaxe":1,"minecraft:spider_eye":1,"minecraft:sandstone":14,"minecraft:bow":2,"waystones:waystone":1,"create_more_features:pieces_of_graphite":249,"create:andesite_funnel":4,"create:belt_connector":5,"create:vertical_gearbox":3,"create:super_glue":1,"minecraft:moss_block":9,"minecraft:dark_oak_stairs":1,"minecraft:lantern":1,"create:crimsite":1,"minecraft:flint":381,"gamma_beasts:prehnite_armor_leggings":1,"ars_nouveau:arcanist_leggings":1,"minecraft:deepslate_gold_ore":20,"minecraft:packed_ice":3,"ars_nouveau:red_archwood_log":35,"minecraft:ice":2,"create:fluid_pipe":1,"minecraft:crimson_roots":5,"minecraft:cut_sandstone":12,"minecraft:gold_ingot":2,"minecraft:gravel":858,"minecraft:white_tulip":1,"aether:purple_flower":4,"create:experience_block":2,"create:smart_chute":2,"aether:ambrosium_shard":1,"create:schematic":2,"travelersbackpack:pumpkin":2,"minecraft:poppy":2,"minecraft:leather_chestplate":1,"create:creative_motor":3,"arsdelight:frostaya_jelly":1,"create:gearbox":6,"minecraft:iron_ore":64,"minecraft:arrow":5,"minecraft:white_concrete_powder":1,"minecraft:written_book":1,"create:andesite_alloy":67,"minecraft:bread":83,"gamma_beasts:coal_nugget":31,"create:chute":2,"minecraft:copper_ingot":64,"gamma_beasts:prehnite_pickaxe":1,"minecraft:stick":6,"minecraft:mud_brick_wall":1,"minecraft:nether_gold_ore":4,"minecraft:diorite":10,"minecraft:torch":1,"minecraft:repeater":1,"minecraft:nether_wart_block":1,"minecraft:zombie_head":1,"minecraft:iron_leggings":1,"minecraft:iron_axe":1,"minecraft:bucket":2,"minecraft:dandelion":6,"minecraft:smooth_basalt":8,"minecraft:redstone":392,"minecraft:blue_terracotta":2,"create:shaft":12,"create:furnace_minecart_contraption":2,"minecraft:tuff":1,"create:encased_chain_drive":3,"minecraft:raw_iron":2,"create:experience_nugget":163,"gamma_beasts:green_apple":3,"minecraft:deepslate_bricks":1,"gamma_beasts:prehnite_armor_chestplate":1,"farmersdelight:flint_knife":1,"minecraft:shield":2,"minecraft:iron_chestplate":2,"minecraft:andesite":8,"minecraft:blue_ice":1,"minecraft:oak_boat":1,"minecraft:birch_sign":24,"travelersbackpack:hose":1,"create:empty_blaze_burner":16},"minecraft:used":{"minecraft:peony":2,"minecraft:moss_block":9,"create:deployer":36,"create:brass_casing":434,"minecraft:chest":558,"minecraft:stone":55,"create:tiled_glass":21,"minecraft:waxed_weathered_cut_copper_stairs":20,"create:fluid_tank":97,"create:white_sail":17,"minecraft:brick_slab":2,"create:mechanical_crafter":109,"create:depot":21,"createdeco:copper_trapdoor":105,"create:controls":1,"minecraft:packed_ice":17,"minecraft:lava_bucket":54,"minecraft:villager_spawn_egg":2,"creategoggles:goggle_iron_helmet":1,"minecraft:grass_block":1967,"minecraft:birch_sapling":8,"minecraft:polished_andesite_stairs":24,"minecraft:quartz_block":6,"aquaculturedelight:halaszle":1,"minecraft:waxed_weathered_cut_copper":6,"create:andesite_funnel":55,"travelersbackpack:red_sleeping_bag":1,"create:rotation_speed_controller":8,"gamma_beasts:red_maple_planks":7,"create:shaft":404,"minecraft:furnace":1,"minecraft:oak_sapling":93,"travelersbackpack:purple_sleeping_bag":12,"minecraft:acacia_fence":71,"minecraft:egg":3,"tfmg:aluminum_bars":45,"minecraft:spruce_door":2,"minecraft:brick_wall":130,"minecraft:cut_copper_slab":100,"minecraft:acacia_trapdoor":8,"minecraft:powered_rail":136,"gamma_beasts:deepslate_prehnite_ore":64,"create:crimsite":1,"twilightforest:uncrafting_table":1,"create:cut_tuff_bricks":96,"minecraft:dark_oak_trapdoor":26,"createfood:fried_egg_hash_brown_sandwich":11,"gamma_beasts:prehnite_axe":259,"minecraft:waxed_weathered_cut_copper_slab":21,"gamma_beasts:prehnite_armor_helmet":3,"minecraft:blue_ice":1,"minecraft:deepslate_brick_stairs":73,"minecraft:lightning_rod":28,"minecraft:deepslate_tiles":42,"minecraft:birch_slab":8,"createdeco:industrial_iron_support":20,"ars_nouveau:purple_archwood_log":2,"minecraft:lectern":5,"create:contraption_controls":5,"interiors:gray_floor_chair":2,"create:adjustable_chain_gearshift":5,"interiors:orange_floor_chair":3,"minecraft:nether_wart_block":1,"create:basin":10,"create:cut_tuff_brick_stairs":14,"minecraft:birch_log":1,"minecraft:ice":1,"minecraft:oak_boat":2,"minecraft:waxed_cut_copper_stairs":131,"create_enchantment_industry:disenchanter":5,"minecraft:iron_bars":34,"waystones:sandy_waystone":1,"create:schematic_table":10,"minecraft:tinted_glass":1,"create:polished_cut_tuff":11,"createdeco:industrial_iron_trapdoor":25,"minecraft:torch":86,"minecraft:anvil":2,"farmersdelight:flint_knife":3,"minecraft:oak_fence_gate":12,"ars_nouveau:red_archwood_log":2,"spanishdelight:sliced_potato":8,"twilightforest:iron_ladder":28,"create:gearbox":219,"gamma_beasts:red_maple_log":1,"create:wrench":1101,"minecraft:iron_axe":295,"create:deepslate_zinc_ore":4,"minecraft:polished_deepslate_wall":156,"create:creative_motor":62,"minecraft:barrel":63,"create:encased_chain_drive":241,"minecraft:glowstone":14,"create:horizontal_framed_glass_pane":2,"create:gantry_carriage":11,"createdeco:copper_support":6,"farmersdelight:cooking_pot":1,"travelersbackpack:hose":6,"create:fluid_pipe":163,"minecraft:trapped_chest":8,"minecraft:cobbled_deepslate":3,"minecraft:acacia_planks":127,"minecraft:pointed_dripstone":28,"create:jungle_window_pane":6,"create:belt_connector":220,"farmersdelight:potato_crate":3,"minecraft:crimson_stem":9,"create_deco_casing:brass_casing_button":2,"minecraft:water_bucket":200,"aether:berry_bush_stem":2,"ars_nouveau:blue_archwood_leaves":1,"minecraft:birch_planks":2,"aether:skyroot_sapling":2,"minecraft:waxed_oxidized_cut_copper":3,"create:brass_tunnel":15,"gamma_beasts:prehnite_sword":382,"minecraft:cauldron":29,"farmersdelight:dark_oak_cabinet":4,"create:framed_glass_trapdoor":30,"minecraft:deepslate_bricks":296,"create:blaze_burner":4,"create:furnace_minecart_contraption":27,"minecraft:diamond_block":1,"create:encased_fan":19,"minecraft:oak_slab":29,"minecraft:crafting_table":6,"minecraft:white_bed":3,"minecraft:campfire":5,"minecraft:cake":1,"minecraft:deepslate_tile_wall":4,"minecraft:oak_log":157,"farmersrespite:blazing_chili":1,"minecraft:diamond_pickaxe":16,"minecraft:waxed_exposed_cut_copper_stairs":31,"minecraft:acacia_sign":12,"minecraft:stripped_jungle_log":5,"minecraft:iron_pickaxe":968,"travelersbackpack:white_sleeping_bag":3,"minecraft:spruce_pressure_plate":4,"create:water_wheel":2,"minecraft:spruce_trapdoor":37,"create:mechanical_arm":72,"create:copper_ladder":3,"minecraft:cobblestone":139,"travelersbackpack:standard":29,"createdeco:copper_door":3,"minecraft:acacia_pressure_plate":1,"farmersdelight:egg_sandwich":9,"create:elevator_pulley":8,"create:redstone_link":9,"minecraft:candle":10,"minecraft:jukebox":1,"minecraft:waxed_exposed_cut_copper":6,"minecraft:iron_shovel":457,"minecraft:polished_deepslate":14,"create:polished_cut_tuff_wall":42,"createdeco:copper_catwalk":17,"minecraft:white_concrete_powder":13,"minecraft:shield":264,"farmersdelight:stove":2,"farmersdelight:birch_cabinet":2,"minecraft:iron_sword":466,"minecraft:zombie_spawn_egg":39,"minecraft:smooth_sandstone_stairs":1,"create:mechanical_bearing":1,"minecraft:iron_chestplate":1,"minecraft:spruce_leaves":1,"gamma_beasts:prehnite_ore":32,"create:cogwheel":56,"minecraft:carrot":21,"minecraft:furnace_minecart":3,"minecraft:obsidian":45,"minecraft:polished_deepslate_stairs":75,"minecraft:glass":84,"minecraft:waxed_oxidized_copper":18,"minecraft:bricks":576,"minecraft:lantern":50,"create_more_features:copper_plating":15,"create:millstone":33,"create_more_features:railway_decorative_casing_trapdoor":3,"minecraft:stone_bricks":103,"create:experience_block":1,"farmersdelight:cutting_board":1,"minecraft:warped_fungus":1,"minecraft:written_book":8,"create:mechanical_drill":39,"minecraft:gray_bed":2,"create:industrial_iron_block":121,"minecraft:dark_oak_stairs":112,"minecraft:waxed_oxidized_cut_copper_slab":63,"create:crushing_wheel":15,"minecraft:gray_carpet":6,"minecraft:dark_oak_sign":77,"minecraft:oak_planks":581,"minecraft:redstone_block":1,"create:mechanical_saw":14,"minecraft:loom":1,"travelersbackpack:quartz":1,"create:ornate_iron_window":5,"minecraft:stone_brick_wall":77,"minecraft:cobbled_deepslate_stairs":1,"aether:blue_aercloud":1,"waystones:waystone":7,"minecraft:lever":40,"minecraft:bread":212,"travelersbackpack:pumpkin":2,"create:andesite_casing":363,"minecraft:gravel":11,"minecraft:golden_helmet":3,"minecraft:grindstone":22,"minecraft:waxed_oxidized_cut_copper_stairs":87,"minecraft:andesite":2,"minecraft:chain":35,"create_new_age:advanced_motor":3,"minecraft:white_concrete":43,"create:vertical_gearbox":135,"create:large_cogwheel":5,"minecraft:experience_bottle":68,"gamma_beasts:green_apple_bush":4,"minecraft:oak_fence":20,"minecraft:flint_and_steel":3,"create:item_vault":113,"minecraft:redstone":3,"create:orange_seat":56,"gamma_beasts:green_apple":9,"minecraft:cut_copper_stairs":42,"create:mechanical_pump":65,"minecraft:dirt":260,"aether:ambrosium_shard":3,"create_deco_casing:copper_casing_trap_door":20,"minecraft:hopper":13,"create:copper_casing":16,"create:attribute_filter":19,"create:redstone_contact":22,"farmersdelight:carrot_crate":1,"createdeco:copper_window_pane":73,"create:chute":80,"create:smart_chute":19,"minecraft:iron_hoe":47,"minecraft:dark_oak_planks":1271,"minecraft:bookshelf":46,"minecraft:waxed_cut_copper":6,"minecraft:oak_stairs":41,"create:tuff_pillar":18,"create:cart_assembler":24,"gamma_beasts:strawberry_bush":5,"create:cut_tuff_wall":18,"farmersdelight:basket":2,"torchmaster:feral_flare_lantern":41,"gamma_beasts:red_maple_door":6,"minecraft:black_stained_glass":1986,"minecraft:soul_soil":2,"minecraft:dark_oak_pressure_plate":5,"minecraft:deepslate_tile_stairs":223,"minecraft:white_stained_glass_pane":130,"spanishdelight:garlic":41,"create:gantry_shaft":15,"minecraft:orange_stained_glass_pane":14,"minecraft:beetroot_soup":1,"create_enchantment_industry:enchanting_guide":1,"farmersdelight:skillet":1,"minecraft:snow_block":1,"minecraft:polished_andesite":125,"minecraft:copper_block":71,"tfmg:steel_bars":166,"interiors:black_floor_chair":1,"minecraft:stonecutter":2,"minecraft:waxed_copper_block":506,"minecraft:rabbit_spawn_egg":21,"create:brass_funnel":47,"minecraft:red_mushroom":1,"travelersbackpack:magenta_sleeping_bag":5,"create:schematicannon":1,"gamma_beasts:prehnite_armor_leggings":1,"gamma_beasts:prehnite_armor_chestplate":1,"minecraft:apple":15,"create:mechanical_press":6,"create:windmill_bearing":3,"aether:golden_oak_sapling":4,"create:large_water_wheel":12,"minecraft:acacia_fence_gate":46,"minecraft:bucket":79,"create:creative_fluid_tank":9,"minecraft:smooth_stone":50},"minecraft:killed_by":{"minecraft:piglin_brute":2,"minecraft:zombie":2,"minecraft:hoglin":1,"alexsmobs:crimson_mosquito":2},"minecraft:picked_up":{"gamma_beasts:thin_oak_log":48,"minecraft:iron_chestplate":10,"torchmaster:feral_flare_lantern":11,"minecraft:chainmail_boots":2,"minecraft:anvil":1,"minecraft:suspicious_stew":1,"minecraft:lead":27,"minecraft:oak_stairs":2,"create:wrench":1,"minecraft:enchanted_book":1,"minecraft:golden_sword":2,"minecraft:amethyst_block":12,"minecraft:string":44,"minecraft:soul_soil":2,"create:limestone":3,"minecraft:shroomlight":1,"create:cart_assembler":2,"minecraft:gold_nugget":334,"minecraft:cobbled_deepslate":174,"ars_nouveau:mendosteen_pod":37,"create:contraption_controls":1,"gamma_beasts:prehnite_sword":7,"tfmg:deepslate_lithium_ore":24,"minecraft:golden_helmet":4,"create:andesite_casing":46,"minecraft:sandstone_wall":1,"gamma_beasts:red_maple_door":3,"minecraft:black_dye":120,"minecraft:stone_sword":2,"create:scoria":1,"farmersdelight:onion":6,"create:ochrum":240,"ars_nouveau:apprentice_spell_book":16,"minecraft:red_tulip":38,"gamma_beasts:prehnite_ore":32,"ars_nouveau:smooth_gilded_sourcestone_large_bricks":1,"minecraft:glowstone":71,"gamma_beasts:coal_nugget":31,"ars_nouveau:sourceberry_bush":34,"minecraft:iron_bars":1,"minecraft:birch_log":304,"minecraft:feather":5,"minecraft:birch_slab":6,"minecraft:water_bucket":9,"minecraft:flint":868,"farmersdelight:tomato":1,"aether:icestone":44,"minecraft:lantern":6,"create:encased_chain_drive":1,"ars_nouveau:arcanist_robes":5,"minecraft:large_amethyst_bud":3,"create:goggles":2,"create:shaft":25,"farmersdelight:egg_sandwich":117,"minecraft:rabbit":3,"minecraft:moss_block":9,"create:super_glue":1,"aether:golden_oak_sapling":4,"create:experience_block":2,"arsdelight:bastion_pie_slice":1,"create_more_features:pieces_of_graphite":708,"nethersdelight:hoglin_ear":8,"crabbersdelight:crab":2,"create:empty_blaze_burner":16,"minecraft:dark_oak_log":38,"minecraft:barrel":3,"minecraft:iron_hoe":6,"create:crimsite":454,"minecraft:blue_terracotta":2,"minecraft:deepslate":144,"minecraft:lever":21,"minecraft:deepslate_gold_ore":43,"minecraft:granite":483,"aether:swet_ball":2,"minecraft:bread":516,"aether:blue_aercloud":4,"minecraft:bricks":132,"minecraft:crimson_roots":13,"minecraft:diamond_pickaxe":3,"ars_nouveau:red_archwood_log":1462,"minecraft:crafting_table":1,"minecraft:coarse_dirt":35,"minecraft:bee_nest":2,"minecraft:nether_wart":13,"minecraft:leather_leggings":1,"aether:aether_dirt":13,"minecraft:golden_pickaxe":1,"gamma_beasts:deepslate_prehnite_ore":64,"aether:blue_berry":24,"minecraft:cornflower":5,"create:orange_seat":1,"minecraft:flint_and_steel":2,"minecraft:iron_shovel":3,"create:deepslate_zinc_ore":163,"create:redstone_link":1,"tfmg:bauxite":225,"gamma_beasts:prehnite_armor_leggings":2,"create:brass_funnel":5,"minecraft:deepslate_diamond_ore":8,"gamma_beasts:red_maple_log":1,"minecraft:iron_nugget":33,"minecraft:poppy":13,"minecraft:chest":3,"minecraft:birch_sapling":132,"minecraft:piston":1,"minecraft:egg":11,"minecraft:copper_ore":190,"minecraft:sandstone":14,"ars_nouveau:purple_archwood_log":1082,"minecraft:stone":157,"minecraft:amethyst_cluster":6,"farmersdelight:tomato_seeds":6,"minecraft:cake":1,"minecraft:carrot":76,"minecraft:redstone":511,"create:brass_casing":1,"create:vertical_gearbox":3,"ars_nouveau:green_archwood_log":925,"minecraft:tnt":9,"aether:skyroot_log":8,"create_more_features:incomplete_diamond":1,"minecraft:peony":2,"minecraft:deepslate_bricks":1,"minecraft:hay_block":7,"create:depot":2,"minecraft:gold_ingot":68,"createfood:fried_egg_hash_brown_sandwich":62,"minecraft:mutton":1,"minecraft:white_wool":1,"minecraft:rail":1,"minecraft:oxeye_daisy":11,"minecraft:lapis_ore":19,"create:crushed_raw_gold":44,"minecraft:red_mushroom":3,"ars_nouveau:smooth_gilded_sourcestone_mosaic":1,"minecraft:oak_log":1252,"minecraft:lily_pad":4,"farmersdelight:skillet":1,"create_more_features:sulfur":60,"farmersdelight:flint_knife":1,"alexsmobs:mosquito_proboscis":8,"minecraft:paper":53,"minecraft:white_banner":2,"ars_nouveau:arcanist_boots":5,"arsdelight:frostaya_jelly":1,"create:crushing_wheel":2,"create:crushed_raw_iron":113,"minecraft:apple":63,"minecraft:kelp":24,"minecraft:iron_ore":287,"minecraft:glass_bottle":2,"minecraft:iron_sword":12,"minecraft:dark_oak_stairs":1,"minecraft:smooth_basalt":16,"minecraft:spyglass":2,"minecraft:gravel":3779,"create:schematic":1,"create:gearbox":8,"gamma_beasts:prehnite_pickaxe":1,"travelersbackpack:standard":7,"create:creative_motor":4,"minecraft:coal_ore":3,"minecraft:redstone_ore":20,"minecraft:deepslate_redstone_ore":183,"minecraft:birch_sign":88,"alexscaves:cave_map":2,"minecraft:crimson_nylium":2,"minecraft:mangrove_propagule":2,"minecraft:ender_pearl":1,"create_new_age:thorium_ore":13,"minecraft:wheat":4,"minecraft:redstone_block":1,"create:mechanical_crafter":38,"tfmg:nickel_ore":25,"gamma_beasts:fur":4,"aether:iron_gloves":7,"alexscaves:cave_tablet":4,"minecraft:potion":1,"ars_nouveau:bombegranate_pod":54,"create:furnace_minecart_contraption":15,"minecraft:raw_copper":1584,"minecraft:deepslate_lapis_ore":47,"minecraft:iron_leggings":10,"minecraft:zombie_head":1,"minecraft:oak_sign":1,"create:andesite_funnel":2,"minecraft:sea_pickle":2,"alexsmobs:blood_sac":51,"minecraft:bucket":2,"minecraft:white_tulip":10,"minecraft:rose_bush":16,"minecraft:redstone_torch":1,"minecraft:calcite":19,"minecraft:azalea":1,"minecraft:iron_pickaxe":10,"minecraft:deepslate_iron_ore":113,"minecraft:iron_boots":5,"minecraft:stick":995,"createdeco:iron_coin":1,"minecraft:oak_fence":1,"minecraft:torch":406,"minecraft:porkchop":4,"minecraft:snow_block":38,"minecraft:diorite":676,"minecraft:nether_gold_ore":11,"minecraft:rotten_flesh":99,"ars_nouveau:arcanist_leggings":4,"tfmg:lead_ore":45,"create:asurine":129,"create:veridium":8,"minecraft:deepslate_copper_ore":36,"minecraft:obsidian":12,"minecraft:cobblestone":101906,"minecraft:leather_chestplate":1,"minecraft:lilac":15,"minecraft:repeater":1,"minecraft:andesite":890,"create_more_features:graphite":15,"gamma_beasts:prehnite":96,"minecraft:potato":3,"create_sa:heap_of_experience":1,"create:belt_connector":3,"minecraft:smooth_sandstone_stairs":1,"minecraft:tuff":244,"create:raw_zinc":108,"gamma_beasts:oak_leaf":191,"minecraft:dirt":68383,"minecraft:cut_sandstone_slab":3,"minecraft:name_tag":1,"minecraft:glass":138,"minecraft:bone":224,"minecraft:orange_tulip":22,"minecraft:bow":11,"ars_nouveau:source_gem":1,"minecraft:wheat_seeds":199,"minecraft:raw_gold":368,"aether:holystone":5,"create_new_age:magnetite_block":16,"tfmg:deepslate_lead_ore":15,"minecraft:powered_rail":32,"minecraft:oak_planks":156,"minecraft:cooked_porkchop":3,"travelersbackpack:squid":1,"create:cogwheel":2,"create_enchantment_industry:enchanting_guide":1,"travelersbackpack:magenta_sleeping_bag":1,"minecraft:sand":867,"create_decoration:kerbilanite_ore":2,"minecraft:grass_block":137,"minecraft:diamond_block":1,"minecraft:mossy_cobblestone":510,"travelersbackpack:white_sleeping_bag":1,"tfmg:fireclay_ball":3356,"minecraft:diamond":15,"minecraft:polished_blackstone_pressure_plate":2,"waystones:waystone":4,"interiors:orange_floor_chair":1,"aether:ambrosium_shard":16,"minecraft:golden_apple":2,"minecraft:emerald":2,"minecraft:oak_sapling":664,"minecraft:netherrack":527,"nethersdelight:hoglin_loin":54,"minecraft:charcoal":8,"create_new_age:thorium":574,"minecraft:allium":24,"gamma_beasts:prehnite_armor_chestplate":2,"minecraft:azure_bluet":9,"minecraft:packed_ice":23,"ars_nouveau:blue_archwood_sapling":274,"minecraft:gold_block":1,"minecraft:shield":15,"aether:leather_gloves":2,"create:gantry_carriage":3,"minecraft:moss_carpet":2,"minecraft:iron_axe":10,"minecraft:item_frame":3,"create:chute":1,"minecraft:blackstone":29,"ars_nouveau:starbuncle_shards":2,"minecraft:oak_boat":2,"create:zinc_ore":123,"create:basin":3,"minecraft:spruce_trapdoor":1,"minecraft:raw_iron":33,"aether:golden_parachute":1,"ars_nouveau:purple_archwood_sapling":149,"ars_nouveau:blue_archwood_log":1817,"ars_nouveau:frostaya_pod":72,"create:hand_crank":1,"minecraft:iron_horse_armor":2,"ars_nouveau:wixie_shards":1,"travelersbackpack:hose":2,"minecraft:dark_oak_planks":1,"minecraft:weeping_vines":9,"minecraft:arrow":222,"create:experience_nugget":338,"minecraft:nether_bricks":34,"crittersandcompanions:silk":34,"minecraft:pink_tulip":3,"minecraft:saddle":2,"aether:purple_flower":4,"ars_nouveau:arcanist_hood":4,"aether:skyroot_sapling":3,"minecraft:crimson_stem":9,"minecraft:cut_sandstone":24,"minecraft:leather":12,"minecraft:chainmail_chestplate":1,"minecraft:crimson_fungus":39,"create:andesite_alloy":354,"gamma_beasts:green_apple":120,"tfmg:deepslate_nickel_ore":29,"minecraft:waxed_copper_block":1,"minecraft:nether_wart_block":4,"minecraft:cobbled_deepslate_stairs":1,"minecraft:gunpowder":6,"gamma_beasts:prehnite_armor_boots":3,"create:item_vault":2,"tfmg:sulfur":29,"gamma_beasts:prehnite_armor_helmet":3,"minecraft:smooth_sandstone":1,"ars_nouveau:green_archwood_sapling":116,"travelersbackpack:cow":1,"minecraft:infested_deepslate":1,"minecraft:rabbit_hide":9,"minecraft:iron_ingot":69,"aether:berry_bush_stem":2,"protection_pixel:ironarmorplate":2,"minecraft:soul_sand":2,"gamma_beasts:prehnite_axe":6,"minecraft:book":14,"create:elevator_pulley":1,"aether:white_flower":1,"minecraft:warped_fungus":10,"minecraft:black_candle":4,"spanishdelight:garlic":119,"minecraft:pumpkin":11,"create:attribute_filter":2,"ars_nouveau:red_archwood_sapling":174,"minecraft:quartz":340,"minecraft:dandelion":32,"tfmg:lignite":510,"minecraft:lava_bucket":1,"ars_nouveau:bastion_pod":40,"minecraft:amethyst_shard":4,"ars_nouveau:archmage_spell_book":4,"undergarden:wigglewood_boat":1,"minecraft:mud_brick_wall":1,"ars_nouveau:source_berry_roll":20,"create:brass_tunnel":14,"minecraft:gold_ore":21,"travelersbackpack:purple_sleeping_bag":11,"minecraft:spruce_door":1,"minecraft:spider_eye":5,"minecraft:white_concrete_powder":1,"minecraft:iron_helmet":5,"travelersbackpack:pumpkin":4,"minecraft:mossy_cobblestone_stairs":1,"minecraft:coal":1802},"minecraft:killed":{"minecraft:skeleton":51,"minecraft:magma_cube":1,"aether:sheepuff":1,"minecraft:zombie":28,"minecraft:husk":21,"minecraft:rabbit":3,"minecraft:enderman":3,"minecraft:spider":4,"alexsmobs:triops":3,"minecraft:piglin":1,"aether:phyg":1,"minecraft:creeper":6,"alexsmobs:crimson_mosquito":44,"minecraft:hoglin":6,"minecraft:wither_skeleton":1,"minecraft:villager":1},"minecraft:mined":{"minecraft:dark_oak_planks":1,"create:andesite_casing":24,"minecraft:obsidian":10,"torchmaster:feral_flare_lantern":1,"spanishdelight:wild_garlic":17,"minecraft:crimson_fungus":12,"minecraft:oxeye_daisy":1,"minecraft:weeping_vines_plant":9,"minecraft:pink_tulip":3,"create:cogwheel":1,"minecraft:kelp_plant":10,"minecraft:crimson_nylium":8,"ars_nouveau:light_block":3,"minecraft:torch":2,"minecraft:lilac":1,"minecraft:waxed_copper_block":1,"minecraft:warped_fungus":5,"minecraft:grass":120,"aether:blue_aercloud":2,"travelersbackpack:purple_sleeping_bag":8,"minecraft:deepslate":34,"minecraft:mossy_cobblestone":10,"farmersdelight:wild_carrots":9,"minecraft:nether_bricks":10,"minecraft:crimson_roots":15,"aether:white_flower":1,"minecraft:red_mushroom":1,"minecraft:moss_block":10,"minecraft:kelp":2,"minecraft:andesite":3,"minecraft:cake":1,"minecraft:dandelion":6,"arsdelight:bastion_pie":1,"minecraft:tall_grass":82,"farmersdelight:wild_tomatoes":6,"minecraft:diorite":25,"travelersbackpack:magenta_sleeping_bag":1,"create:gearbox":1,"aether:berry_bush":12,"minecraft:birch_leaves":22,"minecraft:mangrove_leaves":1,"minecraft:gravel":14,"minecraft:cobweb":42,"create:deepslate_zinc_ore":2,"gamma_beasts:roble_hoja_1":3,"minecraft:cobbled_deepslate_stairs":1,"tfmg:lignite":3,"tfmg:sulfur":5,"minecraft:grass_block":272,"minecraft:soul_soil":1,"create:tiled_glass":1,"aether:golden_oak_leaves":4,"minecraft:azure_bluet":1,"create:asurine":6,"ars_nouveau:red_archwood_log":85,"minecraft:iron_bars":1,"aether:purple_flower":1,"aether:holystone":2,"minecraft:calcite":5,"minecraft:poppy":2,"minecraft:chest":2,"create:brass_casing":1,"minecraft:nether_quartz_ore":79,"minecraft:cobblestone":4,"minecraft:oak_planks":19,"ars_nouveau:red_archwood_leaves":8,"minecraft:nether_wart_block":3,"minecraft:birch_log":6,"aether:aether_grass_block":6,"minecraft:orange_tulip":4,"minecraft:oak_log":61,"minecraft:sand":20,"minecraft:dirt":275,"aether:ambrosium_ore":8,"minecraft:netherrack":277,"minecraft:oak_leaves":82,"tfmg:fireclay":81,"minecraft:nether_gold_ore":32,"minecraft:tuff":8,"gamma_beasts:roblo_hoja":3,"minecraft:weeping_vines":2,"minecraft:birch_slab":2,"minecraft:mangrove_propagule":3,"minecraft:crimson_stem":9,"minecraft:hay_block":2,"aether:aether_dirt":3,"minecraft:peony":2,"minecraft:nether_brick_fence":2,"aether:skyroot_log":5,"minecraft:shroomlight":1,"crittersandcompanions:silk_cocoon":3,"minecraft:stone":207,"minecraft:white_tulip":6,"ars_nouveau:purple_archwood_log":47,"travelersbackpack:standard":1,"minecraft:oak_fence":1,"minecraft:crafting_table":1,"minecraft:deepslate_coal_ore":3,"ars_nouveau:blue_archwood_leaves":7,"aether:skyroot_leaves":3,"ars_nouveau:blue_archwood_log":84,"ars_nouveau:purple_archwood_leaves":1,"minecraft:coal_ore":69,"create:mechanical_crafter":36,"aether:berry_bush_stem":2},"minecraft:broken":{"minecraft:iron_sword":1,"aether:iron_gloves":1,"minecraft:shield":1,"minecraft:iron_pickaxe":1,"gamma_beasts:prehnite_axe":1,"minecraft:iron_shovel":1,"gamma_beasts:prehnite_armor_boots":1}},"DataVersion":3465}