{"stats":{"minecraft:killed":{"alexsmobs:tasmanian_devil":1,"crittersandcompanions:dragonfly":1,"minecraft:chicken":1,"minecraft:zombie_villager":1,"twilightforest:skeleton_druid":1,"minecraft:sheep":4,"minecraft:zombie":2,"minecraft:cow":2},"minecraft:killed_by":{"gamma_beasts:muba_a":1,"minecraft:zombie":2,"alexsmobs:grizzly_bear":1},"minecraft:dropped":{"create:belt_connector":1,"minecraft:brown_mushroom":1,"minecraft:porkchop":4,"minecraft:wheat_seeds":11,"minecraft:lapis_lazuli":42,"twilightforest:firefly_jar":1,"farmersdelight:pumpkin_slice":5,"minecraft:cobblestone":8,"create_more_features:sulfur":4,"gamma_beasts:prehnite":1,"crittersandcompanions:dragonfly_wing":2,"minecraft:copper_ingot":6,"minecraft:rail":2,"minecraft:coal":6,"farmersdelight:rice":1,"minecraft:stick":6,"minecraft:dirt":25,"ars_nouveau:worn_notebook":1,"minecraft:diorite":10,"minecraft:torch":1,"minecraft:wooden_axe":1,"farmersdelight:onion":1,"minecraft:iron_pickaxe":5,"minecraft:pink_petals":2,"create:raw_zinc":13,"minecraft:smooth_basalt":1,"ars_nouveau:apprentice_spell_book":1,"alexsmobs:animal_dictionary":1,"minecraft:cobbled_deepslate":15,"minecraft:raw_copper":53,"minecraft:wheat":5,"minecraft:raw_iron":23,"minecraft:rotten_flesh":6,"minecraft:cooked_mutton":1,"tfmg:raw_nickel":2,"minecraft:potato":1,"minecraft:andesite":23,"tfmg:raw_lead":4,"minecraft:stone_pickaxe":3,"minecraft:raw_gold":8},"minecraft:used":{"create:deployer":3,"minecraft:iron_shovel":175,"minecraft:white_tulip":4,"create:schematic_table":1,"create:portable_storage_interface":4,"minecraft:chest":8,"gamma_beasts:green_apple":5,"minecraft:iron_sword":43,"create:tiled_glass":44,"travelersbackpack:black_sleeping_bag":10,"minecraft:farmland":148,"create:mechanical_bearing":1,"minecraft:torch":42,"create:fluid_tank":8,"minecraft:dirt":225,"minecraft:hopper":1,"create:cogwheel":2,"minecraft:furnace_minecart":1,"minecraft:azure_bluet":1,"farmersdelight:stuffed_pumpkin_block":1,"create:chute":4,"minecraft:iron_hoe":2,"minecraft:wooden_axe":59,"minecraft:lava_bucket":3,"create:gearbox":5,"create:wrench":35,"minecraft:iron_axe":16,"minecraft:grass_block":6,"create:millstone":1,"create:cart_assembler":7,"create:creative_motor":1,"create:encased_chain_drive":7,"farmersdelight:basket":2,"create:radial_chassis":1,"create:shaft":15,"minecraft:furnace":3,"minecraft:cobbled_deepslate":9,"create:belt_connector":6,"minecraft:wheat_seeds":123,"minecraft:cooked_mutton":8,"farmersdelight:iron_knife":25,"minecraft:water_bucket":67,"minecraft:amethyst_block":1,"design_decor:copper_railing":1,"minecraft:stone_pickaxe":211,"minecraft:orange_tulip":7,"minecraft:powered_rail":16,"create:brass_tunnel":2,"minecraft:polished_andesite":584,"farmersdelight:pumpkin_slice":27,"create:furnace_minecart_contraption":10,"minecraft:rail":24,"create:brass_funnel":6,"create:encased_fan":1,"minecraft:crafting_table":5,"create:schematicannon":1,"create:mechanical_harvester":5,"minecraft:oak_log":16,"create:linear_chassis":7,"minecraft:lever":5,"create:mechanical_press":1,"create:windmill_bearing":2,"minecraft:bread":21,"minecraft:iron_pickaxe":617,"travelersbackpack:white_sleeping_bag":2,"create:water_wheel":2,"create:andesite_casing":2,"create:andesite_tunnel":1,"create:basin":3,"minecraft:cobblestone":28,"minecraft:bucket":9,"create:vertical_gearbox":4,"minecraft:coarse_dirt":1,"minecraft:dandelion":4},"minecraft:crafted":{"minecraft:oak_planks":28,"minecraft:furnace":3,"minecraft:cooked_mutton":5,"travelersbackpack:white_sleeping_bag":1,"minecraft:raw_copper":9,"minecraft:stone_pickaxe":1,"create:andesite_alloy":32,"minecraft:crafting_table":1,"minecraft:copper_ingot":33,"travelersbackpack:black_sleeping_bag":1,"minecraft:bucket":1,"minecraft:air":0,"minecraft:stick":28,"minecraft:iron_ingot":43,"minecraft:iron_pickaxe":4,"minecraft:wooden_axe":1,"minecraft:torch":36},"minecraft:custom":{"minecraft:mob_kills":13,"minecraft:interact_with_crafting_table":22,"minecraft:open_barrel":8,"minecraft:leave_game":8,"minecraft:time_since_death":201467,"minecraft:climb_one_cm":2124,"minecraft:sprint_one_cm":383699,"minecraft:walk_one_cm":837532,"minecraft:drop":82,"minecraft:talked_to_villager":1,"minecraft:play_time":380110,"minecraft:deaths":5,"minecraft:sneak_time":15950,"minecraft:walk_under_water_one_cm":12453,"minecraft:jump":5674,"minecraft:walk_on_water_one_cm":55977,"minecraft:total_world_time":382797,"minecraft:interact_with_furnace":15,"minecraft:sleep_in_bed":20,"minecraft:time_since_rest":57995,"minecraft:waystone_activated":1,"minecraft:damage_taken":2620,"minecraft:damage_dealt":1673,"minecraft:swim_one_cm":57812,"minecraft:fly_one_cm":1487346,"minecraft:open_chest":33,"minecraft:crouch_one_cm":22547,"minecraft:interact_with_smoker":2,"minecraft:fall_one_cm":110449},"minecraft:mined":{"create:zinc_ore":5,"create:deepslate_zinc_ore":8,"minecraft:tuff":2,"minecraft:cherry_log":20,"minecraft:grass_block":147,"travelersbackpack:white_sleeping_bag":1,"spanishdelight:wild_garlic":5,"minecraft:spruce_leaves":12,"tfmg:nickel_ore":2,"minecraft:spawner":1,"minecraft:redstone_ore":3,"minecraft:iron_ore":26,"minecraft:cobbled_deepslate":3,"gamma_beasts:prehnite_ore":1,"minecraft:andesite":536,"minecraft:pumpkin":8,"minecraft:deepslate_lapis_ore":2,"minecraft:azure_bluet":1,"minecraft:red_tulip":1,"minecraft:deepslate_iron_ore":7,"travelersbackpack:black_sleeping_bag":9,"minecraft:white_tulip":4,"minecraft:stone":91,"tfmg:deepslate_lead_ore":3,"farmersdelight:cooking_pot":1,"minecraft:deepslate_redstone_ore":4,"tfmg:bauxite":2,"minecraft:kelp_plant":1,"minecraft:medium_amethyst_bud":1,"minecraft:dandelion":4,"minecraft:crafting_table":3,"minecraft:cornflower":1,"tfmg:lead_ore":1,"minecraft:copper_ore":5,"minecraft:tall_grass":31,"minecraft:cobblestone":1,"minecraft:lapis_ore":11,"minecraft:deepslate_gold_ore":11,"minecraft:diorite":3,"minecraft:amethyst_block":3,"minecraft:deepslate_copper_ore":1,"minecraft:pink_petals":2,"farmersdelight:stuffed_pumpkin_block":2,"minecraft:spruce_log":7,"minecraft:orange_tulip":9,"gamma_beasts:thin_oak_log":2,"minecraft:grass":60,"minecraft:oak_log":19,"minecraft:coal_ore":49,"minecraft:cherry_leaves":22,"tfmg:deepslate_nickel_ore":1,"minecraft:dirt":52,"minecraft:raw_copper_block":1,"create_more_features:sulfur_ore":1,"gamma_beasts:red_maple_log":6,"minecraft:gold_ore":7,"minecraft:oak_leaves":6,"minecraft:deepslate":16},"minecraft:broken":{"minecraft:stone_pickaxe":2,"minecraft:iron_pickaxe":1,"minecraft:wooden_axe":1},"minecraft:picked_up":{"gamma_beasts:thin_oak_log":13,"minecraft:crafting_table":3,"create_new_age:thorium":85,"minecraft:wheat":6,"minecraft:azure_bluet":1,"minecraft:chicken":1,"minecraft:brown_mushroom":1,"minecraft:amethyst_block":3,"tfmg:raw_nickel":2,"create:furnace_minecart_contraption":4,"minecraft:raw_copper":118,"tfmg:bauxite":2,"create:cart_assembler":1,"minecraft:cobbled_deepslate":24,"minecraft:white_tulip":4,"minecraft:beef":3,"gamma_beasts:red_maple_log":6,"minecraft:poppy":1,"travelersbackpack:black_sleeping_bag":9,"minecraft:iron_pickaxe":3,"twilightforest:firefly_jar":1,"minecraft:raw_copper_block":1,"minecraft:egg":2,"minecraft:stick":3,"minecraft:raw_iron":34,"minecraft:torch":3,"minecraft:porkchop":4,"minecraft:cherry_log":20,"minecraft:diorite":427,"minecraft:carrot":6,"minecraft:redstone":22,"minecraft:rotten_flesh":6,"crittersandcompanions:dragonfly_wing":2,"farmersdelight:onion":1,"ars_nouveau:apprentice_spell_book":1,"gamma_beasts:coal_nugget":4,"minecraft:mutton":6,"minecraft:rail":16,"minecraft:white_wool":6,"minecraft:cobblestone":3451,"minecraft:pink_petals":2,"minecraft:feather":2,"farmersdelight:rice":1,"minecraft:andesite":526,"gamma_beasts:prehnite":1,"minecraft:potato":1,"minecraft:oak_log":19,"create:belt_connector":1,"minecraft:flint":9,"minecraft:tuff":2,"create:raw_zinc":13,"gamma_beasts:green_apple":45,"gamma_beasts:oak_leaf":60,"minecraft:lapis_lazuli":90,"create_more_features:sulfur":6,"tfmg:raw_lead":4,"minecraft:dirt":3253,"minecraft:cooked_mutton":5,"farmersdelight:cooking_pot":1,"minecraft:wheat_seeds":48,"minecraft:orange_tulip":7,"minecraft:raw_gold":18,"farmersdelight:pumpkin_slice":8,"minecraft:stone_pickaxe":3,"minecraft:powered_rail":4,"minecraft:smooth_basalt":1,"spanishdelight:garlic":59,"farmersdelight:stuffed_pumpkin_block":2,"minecraft:pumpkin":21,"minecraft:dandelion":4,"minecraft:gravel":95,"minecraft:amethyst_shard":1,"minecraft:spruce_sapling":1,"minecraft:spruce_log":7,"create:wheat_flour":6,"travelersbackpack:white_sleeping_bag":2,"minecraft:lever":2,"minecraft:painting":8,"minecraft:cherry_sapling":2,"minecraft:bread":15,"minecraft:black_wool":2,"minecraft:coal":161}},"DataVersion":3465}