{"stats":{"minecraft:broken":{"minecraft:wooden_shovel":2,"minecraft:stone_pickaxe":3,"minecraft:golden_sword":1,"minecraft:wooden_axe":1,"minecraft:wooden_pickaxe":1},"minecraft:killed_by":{"minecraft:creeper":1,"minecraft:zombie":2,"minecraft:skeleton":6},"minecraft:used":{"farmersdelight:cabbage_seeds":5,"create:portable_storage_interface":6,"minecraft:chest":6,"minecraft:shield":19,"minecraft:iron_sword":38,"create:mechanical_bearing":1,"create:cogwheel":7,"minecraft:carrot":40,"create:depot":1,"create:millstone":2,"minecraft:golden_sword":40,"farmersdelight:cutting_board":1,"minecraft:hay_block":19,"create:shaft":4,"minecraft:egg":1,"minecraft:potato":3,"minecraft:stone_pickaxe":400,"minecraft:oak_planks":3,"create:crimsite":23,"minecraft:wooden_pickaxe":89,"farmersdelight:organic_compost":17,"minecraft:sand":1,"waystones:waystone":2,"minecraft:melon_slice":2,"minecraft:bread":76,"create:andesite_casing":2,"minecraft:gravel":3,"tconstruct:crafting_station":5,"minecraft:birch_log":5,"minecraft:coarse_dirt":1,"minecraft:bone_meal":11,"create:large_cogwheel":9,"minecraft:oak_trapdoor":8,"minecraft:stone_sword":59,"farmersdelight:rich_soil":9,"minecraft:wooden_shovel":119,"minecraft:stone_hoe":9,"minecraft:orange_bed":1,"minecraft:torch":22,"minecraft:dirt":369,"minecraft:hopper":1,"farmersdelight:carrot_crate":7,"minecraft:iron_hoe":161,"minecraft:wooden_axe":55,"create:wrench":13,"minecraft:iron_axe":106,"crittersandcompanions:koi_fish_bucket":1,"minecraft:bamboo":8,"create:radial_chassis":3,"farmersdelight:tomato_seeds":1,"minecraft:light_gray_bed":1,"minecraft:wheat_seeds":121,"farmersdelight:iron_knife":157,"minecraft:water_bucket":41,"minecraft:baked_potato":13,"minecraft:crafting_table":3,"create:mechanical_harvester":6,"minecraft:white_bed":1,"minecraft:oak_log":13,"create:linear_chassis":7,"create:mechanical_press":1,"minecraft:iron_pickaxe":223,"create:water_wheel":2,"minecraft:stone_axe":83,"minecraft:cobblestone":38,"minecraft:cooked_porkchop":1,"minecraft:bucket":46,"minecraft:kelp":8,"minecraft:gray_wool":2},"minecraft:custom":{"minecraft:animals_bred":1,"minecraft:interact_with_crafting_table":19,"minecraft:open_barrel":31,"minecraft:bell_ring":8,"minecraft:leave_game":4,"minecraft:time_since_death":30398,"minecraft:sprint_one_cm":1106384,"minecraft:damage_blocked_by_shield":680,"minecraft:drop":75,"minecraft:talked_to_villager":1,"minecraft:play_time":598704,"minecraft:deaths":12,"minecraft:jump":7360,"minecraft:walk_on_water_one_cm":293436,"minecraft:interact_with_furnace":21,"minecraft:sleep_in_bed":28,"minecraft:waystone_activated":3,"minecraft:damage_dealt":5651,"minecraft:crouch_one_cm":3458,"minecraft:mob_kills":51,"minecraft:climb_one_cm":46689,"minecraft:walk_one_cm":1149551,"minecraft:sneak_time":1792,"minecraft:walk_under_water_one_cm":159665,"minecraft:total_world_time":598704,"minecraft:time_since_rest":5498,"minecraft:damage_taken":8180,"minecraft:swim_one_cm":653371,"minecraft:fly_one_cm":903585,"minecraft:open_chest":125,"minecraft:fall_one_cm":156150},"minecraft:killed":{"alexsmobs:lobster":2,"minecraft:spider":1,"minecraft:skeleton":5,"minecraft:pig":5,"minecraft:salmon":8,"minecraft:sheep":6,"minecraft:zombie":3,"alexsmobs:terrapin":1,"minecraft:cow":1,"alexsmobs:raccoon":2,"minecraft:vindicator":1,"minecraft:slime":4,"cnb:little_grebe":1,"crittersandcompanions:otter":1,"alexsmobs:skunk":1,"minecraft:rabbit":1,"alexsmobs:catfish":1,"alexsmobs:gazelle":1},"minecraft:mined":{"minecraft:white_bed":2,"farmersdelight:rich_soil":9,"minecraft:farmland":2,"create:andesite_casing":19,"minecraft:jungle_leaves":12,"minecraft:acacia_log":63,"minecraft:grass_block":293,"minecraft:dead_tube_coral_block":1,"minecraft:jungle_log":8,"minecraft:spawner":3,"minecraft:tall_seagrass":6,"minecraft:raw_iron_block":4,"farmersdelight:wild_rice":21,"minecraft:iron_ore":26,"minecraft:fire":2,"minecraft:iron_bars":1,"minecraft:potted_cornflower":1,"tconstruct:sky_slime_dirt":1,"minecraft:orange_bed":2,"create:radial_chassis":2,"create:cogwheel":3,"minecraft:cyan_terracotta":2,"farmersdelight:organic_compost":18,"minecraft:kelp_plant":13,"minecraft:powder_snow":1,"minecraft:clay":4,"minecraft:torch":2,"minecraft:melon":3,"tconstruct:greenheart_log":6,"minecraft:chest":3,"create:scoria":5,"minecraft:cobblestone":17,"minecraft:sugar_cane":2,"minecraft:seagrass":5,"farmersdelight:sandy_shrub":5,"create:portable_storage_interface":3,"minecraft:birch_log":35,"minecraft:wheat":20,"minecraft:lilac":1,"minecraft:grass":35,"minecraft:oak_log":82,"minecraft:beetroots":1,"tconstruct:crafting_station":4,"minecraft:sand":6,"minecraft:dirt":50,"create:linear_chassis":5,"create:crimsite":135,"minecraft:oak_leaves":97,"minecraft:deepslate":3,"minecraft:tuff":6,"minecraft:mossy_cobblestone":4,"ars_nouveau:green_archwood_leaves":2,"farmersdelight:wild_carrots":15,"minecraft:allium":4,"create:large_cogwheel":3,"farmersdelight:wild_cabbages":6,"minecraft:kelp":4,"minecraft:hay_block":1,"farmersdelight:wild_onions":18,"create:shaft":2,"minecraft:oak_trapdoor":8,"minecraft:carrots":16,"minecraft:andesite":123,"minecraft:potatoes":2,"minecraft:vine":6,"crittersandcompanions:silk_cocoon":2,"minecraft:bamboo":4,"minecraft:stone":214,"minecraft:acacia_leaves":14,"minecraft:crafting_table":3,"minecraft:rose_bush":4,"minecraft:copper_ore":22,"minecraft:tall_grass":1,"farmersdelight:wild_beetroots":8,"create:mechanical_harvester":1,"minecraft:coarse_dirt":1,"minecraft:birch_leaves":9,"minecraft:bee_nest":1,"minecraft:coal_ore":69,"minecraft:cocoa":15,"minecraft:gravel":122,"minecraft:stone_bricks":7,"minecraft:fern":3},"minecraft:crafted":{"minecraft:oak_planks":154,"create:mechanical_harvester":5,"create:mechanical_bearing":1,"create:radial_chassis":3,"minecraft:hopper":1,"create:mechanical_press":1,"minecraft:chest":4,"minecraft:stone_hoe":1,"create:cogwheel":6,"create:depot":1,"minecraft:oak_slab":6,"minecraft:wooden_shovel":2,"minecraft:cooked_porkchop":14,"minecraft:crafting_table":1,"farmersdelight:iron_knife":2,"minecraft:wooden_pickaxe":2,"minecraft:baked_potato":13,"minecraft:hay_block":7,"minecraft:birch_planks":18,"minecraft:light_gray_bed":1,"farmersdelight:cutting_board":1,"minecraft:charcoal":30,"create:water_wheel":2,"minecraft:shield":2,"create:portable_storage_interface":3,"create:super_glue":1,"minecraft:stick":36,"minecraft:iron_ingot":43,"minecraft:iron_pickaxe":1,"minecraft:iron_block":1,"minecraft:stone_sword":1,"create:large_cogwheel":2,"create:chute":4,"create:wrench":1,"minecraft:iron_nugget":95,"minecraft:bone_meal":12,"minecraft:oak_trapdoor":8,"farmersdelight:carrot_crate":7,"minecraft:iron_axe":1,"minecraft:slime_ball":2,"create:millstone":2,"minecraft:lime_dye":2,"minecraft:stone_pickaxe":5,"create:andesite_alloy":52,"minecraft:iron_sword":2,"create:dough":2,"minecraft:bucket":2,"minecraft:stone_axe":2,"minecraft:bread":80,"create:linear_chassis":3,"create:shaft":24,"minecraft:torch":32},"minecraft:dropped":{"minecraft:iron_sword":1,"minecraft:porkchop":3,"minecraft:oak_log":5,"minecraft:red_mushroom":2,"minecraft:dirt":2,"farmersdelight:onion":4,"minecraft:bone_meal":1,"minecraft:iron_pickaxe":3,"minecraft:white_wool":1,"tconstruct:large_plate":4,"minecraft:bone":2,"minecraft:stone_axe":1,"minecraft:iron_nugget":1,"minecraft:birch_sapling":14,"minecraft:wheat":11,"minecraft:carrot":1,"tconstruct:sledge_hammer":1,"minecraft:charcoal":3,"minecraft:beetroot_seeds":3,"minecraft:chest":1,"crittersandcompanions:koi_fish_bucket":1,"minecraft:arrow":2,"create:andesite_alloy":3,"minecraft:bread":19,"minecraft:egg":2,"minecraft:stone_hoe":1,"minecraft:iron_ingot":4,"minecraft:oak_slab":1,"minecraft:lilac":2,"minecraft:stick":2,"ars_nouveau:green_archwood_sapling":1,"minecraft:torch":1,"minecraft:rose_bush":4,"minecraft:string":4,"alexsmobs:acacia_blossom":1,"minecraft:stone_sword":2,"crittersandcompanions:silk":4,"minecraft:potato":1,"minecraft:shield":1,"minecraft:allium":6,"minecraft:oak_sapling":15,"minecraft:wooden_shovel":1,"minecraft:stone_pickaxe":1},"minecraft:picked_up":{"minecraft:wheat":157,"minecraft:flower_pot":2,"create:wrench":1,"minecraft:enchanted_book":3,"minecraft:golden_sword":1,"alexsmobs:gazelle_horn":3,"minecraft:string":4,"minecraft:raw_copper":146,"minecraft:beetroot":1,"minecraft:gold_nugget":18,"minecraft:cobbled_deepslate":3,"farmersdelight:cabbage":2,"minecraft:red_dye":15,"minecraft:rose_bush":8,"minecraft:wooden_shovel":1,"minecraft:iron_pickaxe":5,"alexsmobs:raccoon_tail":6,"minecraft:melon_slice":51,"farmersdelight:cabbage_seeds":6,"minecraft:stick":47,"minecraft:torch":47,"minecraft:acacia_log":59,"create:andesite_casing":19,"minecraft:porkchop":25,"minecraft:golden_chestplate":2,"create:large_cogwheel":3,"minecraft:orange_bed":2,"minecraft:stone_sword":3,"minecraft:rotten_flesh":16,"create:scoria":5,"farmersdelight:onion":23,"minecraft:cyan_terracotta":6,"minecraft:cobblestone":390,"minecraft:birch_log":60,"farmersdelight:rice":40,"minecraft:lilac":2,"minecraft:andesite":120,"minecraft:water_bucket":3,"tconstruct:greenheart_log":18,"minecraft:jungle_log":13,"minecraft:potato":7,"minecraft:flint":10,"minecraft:tuff":4,"minecraft:dirt":454,"minecraft:bone":11,"farmersdelight:iron_knife":3,"minecraft:bow":1,"minecraft:wheat_seeds":56,"create:shaft":12,"minecraft:bamboo":106,"minecraft:stone_hoe":1,"minecraft:oak_planks":162,"create:super_glue":1,"create:radial_chassis":2,"minecraft:cooked_porkchop":6,"create:cogwheel":3,"minecraft:sand":6,"farmersdelight:ham":4,"minecraft:mossy_cobblestone":17,"minecraft:iron_hoe":2,"create:crimsite":297,"waystones:waystone":2,"minecraft:bone_meal":8,"minecraft:bread":66,"minecraft:emerald":36,"alexsmobs:maggot":4,"minecraft:oak_sapling":27,"tconstruct:crafting_station":5,"minecraft:charcoal":3,"minecraft:cocoa_beans":117,"minecraft:crafting_table":4,"minecraft:coarse_dirt":3,"minecraft:allium":35,"minecraft:clay_ball":24,"create:mechanical_harvester":1,"minecraft:cornflower":1,"minecraft:oak_trapdoor":8,"minecraft:beef":4,"minecraft:iron_nugget":69,"minecraft:light_gray_wool":3,"minecraft:sugar_cane":4,"minecraft:chest":4,"minecraft:birch_sapling":23,"create:linear_chassis":5,"minecraft:egg":14,"minecraft:raw_iron":58,"minecraft:copper_ingot":17,"minecraft:fire_charge":2,"minecraft:carrot":87,"minecraft:arrow":9,"minecraft:beetroot_seeds":26,"minecraft:hay_block":12,"crittersandcompanions:silk":14,"tconstruct:earth_slime_sapling":1,"minecraft:mutton":9,"minecraft:white_wool":4,"create:iron_sheet":2,"farmersdelight:rich_soil":27,"minecraft:salmon":12,"minecraft:leather":4,"alexsmobs:acacia_blossom":1,"minecraft:red_mushroom":2,"minecraft:oak_log":130,"create:andesite_alloy":3,"farmersdelight:organic_compost":51,"ars_nouveau:green_archwood_sapling":1,"minecraft:stone_bricks":4,"tconstruct:sledge_hammer":1,"minecraft:kelp":38,"minecraft:iron_ingot":9,"minecraft:stone_pickaxe":8,"minecraft:iron_sword":2,"minecraft:acacia_sapling":14,"minecraft:oak_slab":1,"minecraft:spyglass":1,"minecraft:gravel":196,"tconstruct:large_plate":3,"minecraft:white_bed":2,"create:wheat_flour":4,"ars_nouveau:wilden_spike":4,"minecraft:slime_ball":12,"minecraft:stone_axe":1,"minecraft:gray_wool":5,"create:portable_storage_interface":3,"minecraft:baked_potato":15,"minecraft:coal":193}},"DataVersion":3120}