{"stats":{"minecraft:mined":{"minecraft:farmland":2,"minecraft:mossy_cobblestone":4,"ars_nouveau:green_archwood_leaves":2,"create:andesite_casing":19,"farmersdelight:wild_carrots":15,"minecraft:allium":4,"minecraft:grass_block":274,"create:large_cogwheel":3,"minecraft:tall_seagrass":5,"farmersdelight:wild_onions":13,"create:shaft":2,"minecraft:oak_trapdoor":8,"minecraft:carrots":16,"minecraft:iron_ore":11,"minecraft:andesite":121,"minecraft:potatoes":2,"minecraft:stone":198,"minecraft:orange_bed":2,"create:radial_chassis":2,"create:cogwheel":3,"minecraft:cyan_terracotta":2,"minecraft:crafting_table":3,"minecraft:torch":2,"minecraft:chest":3,"minecraft:rose_bush":4,"minecraft:cobblestone":11,"minecraft:copper_ore":22,"minecraft:tall_grass":1,"minecraft:sugar_cane":2,"minecraft:seagrass":2,"create:mechanical_harvester":1,"minecraft:coarse_dirt":1,"create:portable_storage_interface":3,"minecraft:birch_log":34,"minecraft:wheat":10,"minecraft:birch_leaves":7,"minecraft:grass":10,"minecraft:coal_ore":69,"minecraft:oak_log":68,"minecraft:beetroots":1,"minecraft:gravel":120,"minecraft:sand":5,"minecraft:dirt":46,"tconstruct:crafting_station":4,"create:linear_chassis":5,"minecraft:oak_leaves":52},"minecraft:picked_up":{"minecraft:charcoal":3,"minecraft:coarse_dirt":3,"minecraft:crafting_table":4,"tconstruct:crafting_station":5,"minecraft:allium":29,"minecraft:wheat":140,"create:mechanical_harvester":1,"minecraft:oak_trapdoor":8,"minecraft:raw_copper":146,"minecraft:beetroot":1,"minecraft:gold_nugget":9,"minecraft:rose_bush":8,"minecraft:wooden_shovel":1,"minecraft:iron_nugget":10,"minecraft:light_gray_wool":3,"minecraft:sugar_cane":4,"minecraft:chest":4,"minecraft:birch_sapling":22,"create:linear_chassis":5,"minecraft:egg":9,"minecraft:raw_iron":13,"minecraft:stick":38,"minecraft:torch":45,"create:andesite_casing":19,"minecraft:porkchop":3,"minecraft:carrot":87,"create:large_cogwheel":3,"minecraft:orange_bed":2,"minecraft:stone_sword":3,"minecraft:arrow":2,"minecraft:rotten_flesh":12,"minecraft:beetroot_seeds":6,"farmersdelight:onion":11,"minecraft:hay_block":11,"minecraft:cyan_terracotta":6,"minecraft:mutton":4,"minecraft:white_wool":3,"minecraft:cobblestone":372,"minecraft:birch_log":58,"create:iron_sheet":2,"minecraft:water_bucket":1,"minecraft:andesite":119,"minecraft:potato":7,"minecraft:flint":10,"minecraft:oak_log":113,"create:andesite_alloy":3,"minecraft:dirt":390,"ars_nouveau:green_archwood_sapling":1,"minecraft:bone":2,"minecraft:wheat_seeds":27,"minecraft:iron_ingot":2,"minecraft:stone_pickaxe":7,"create:shaft":2,"minecraft:oak_planks":148,"create:radial_chassis":2,"minecraft:cooked_porkchop":3,"create:cogwheel":3,"minecraft:gravel":195,"minecraft:sand":5,"minecraft:mossy_cobblestone":17,"minecraft:iron_hoe":1,"minecraft:bone_meal":1,"minecraft:gray_wool":3,"create:portable_storage_interface":3,"minecraft:emerald":5,"minecraft:bread":14,"alexsmobs:maggot":2,"minecraft:baked_potato":10,"minecraft:oak_sapling":23,"minecraft:coal":127},"minecraft:custom":{"minecraft:mob_kills":11,"minecraft:interact_with_crafting_table":12,"minecraft:open_barrel":5,"minecraft:leave_game":4,"minecraft:time_since_death":164696,"minecraft:climb_one_cm":19967,"minecraft:sprint_one_cm":372082,"minecraft:walk_one_cm":751866,"minecraft:drop":36,"minecraft:play_time":341201,"minecraft:deaths":7,"minecraft:sneak_time":929,"minecraft:walk_under_water_one_cm":74798,"minecraft:jump":3060,"minecraft:walk_on_water_one_cm":98950,"minecraft:total_world_time":341201,"minecraft:interact_with_furnace":17,"minecraft:sleep_in_bed":16,"minecraft:time_since_rest":36680,"minecraft:damage_taken":3337,"minecraft:damage_dealt":2084,"minecraft:swim_one_cm":90236,"minecraft:fly_one_cm":230565,"minecraft:open_chest":59,"minecraft:crouch_one_cm":2172,"minecraft:fall_one_cm":50739},"minecraft:killed_by":{"minecraft:skeleton":2,"minecraft:zombie":2},"minecraft:broken":{"minecraft:wooden_shovel":2,"minecraft:wooden_pickaxe":1,"minecraft:stone_pickaxe":3,"minecraft:wooden_axe":1},"minecraft:crafted":{"create:chute":4,"minecraft:oak_planks":118,"create:wrench":1,"minecraft:iron_nugget":95,"create:mechanical_harvester":5,"create:mechanical_bearing":1,"minecraft:oak_trapdoor":8,"create:radial_chassis":3,"minecraft:hopper":1,"farmersdelight:carrot_crate":7,"create:mechanical_press":1,"minecraft:slime_ball":2,"create:millstone":2,"minecraft:lime_dye":2,"minecraft:stone_pickaxe":5,"minecraft:chest":4,"create:cogwheel":6,"create:depot":1,"minecraft:oak_slab":6,"minecraft:wooden_shovel":2,"create:andesite_alloy":52,"minecraft:cooked_porkchop":3,"minecraft:crafting_table":1,"minecraft:wooden_pickaxe":2,"minecraft:baked_potato":13,"create:dough":2,"minecraft:hay_block":7,"minecraft:bucket":2,"minecraft:birch_planks":18,"minecraft:stone_axe":2,"minecraft:bread":22,"minecraft:light_gray_bed":1,"minecraft:charcoal":30,"create:water_wheel":2,"create:super_glue":1,"create:portable_storage_interface":3,"minecraft:stick":20,"minecraft:iron_ingot":43,"create:linear_chassis":3,"minecraft:stone_sword":1,"minecraft:iron_block":1,"create:large_cogwheel":2,"create:shaft":24,"minecraft:torch":32},"minecraft:used":{"minecraft:oak_trapdoor":8,"minecraft:stone_sword":59,"create:portable_storage_interface":6,"minecraft:chest":6,"minecraft:wooden_shovel":119,"create:mechanical_bearing":1,"minecraft:orange_bed":1,"minecraft:torch":20,"minecraft:dirt":318,"minecraft:hopper":1,"create:cogwheel":7,"farmersdelight:carrot_crate":7,"minecraft:carrot":40,"create:depot":1,"minecraft:iron_hoe":161,"minecraft:wooden_axe":55,"create:wrench":13,"create:millstone":2,"create:radial_chassis":3,"minecraft:hay_block":18,"create:shaft":4,"minecraft:potato":3,"minecraft:light_gray_bed":1,"minecraft:wheat_seeds":108,"minecraft:water_bucket":41,"minecraft:stone_pickaxe":387,"minecraft:baked_potato":8,"minecraft:oak_planks":3,"minecraft:wooden_pickaxe":89,"minecraft:crafting_table":3,"create:mechanical_harvester":6,"minecraft:oak_log":13,"create:linear_chassis":7,"create:mechanical_press":1,"minecraft:bread":11,"create:water_wheel":2,"create:andesite_casing":2,"minecraft:gravel":3,"minecraft:stone_axe":78,"minecraft:cobblestone":30,"tconstruct:crafting_station":5,"minecraft:birch_log":5,"minecraft:bucket":44,"minecraft:coarse_dirt":1,"create:large_cogwheel":9},"minecraft:killed":{"minecraft:skeleton":1,"minecraft:sheep":4,"minecraft:zombie":2,"alexsmobs:terrapin":1},"minecraft:dropped":{"minecraft:iron_ingot":4,"minecraft:porkchop":3,"minecraft:oak_log":1,"minecraft:dirt":2,"ars_nouveau:green_archwood_sapling":1,"minecraft:torch":1,"minecraft:rose_bush":4,"minecraft:bone_meal":1,"minecraft:bone":2,"minecraft:stone_axe":1,"minecraft:stone_sword":2,"minecraft:birch_sapling":7,"minecraft:wheat":2,"minecraft:potato":1,"minecraft:charcoal":3,"minecraft:chest":1,"minecraft:wooden_shovel":1,"crittersandcompanions:koi_fish_bucket":1,"minecraft:stone_pickaxe":1,"create:andesite_alloy":3}},"DataVersion":3120}