{"stats":{"minecraft:killed":{"grimoireofgaia:cecaelia":1,"minecraft:sheep":4,"minecraft:zombie":2,"alexsmobs:terrapin":1,"grimoireofgaia:mandragora":1},"minecraft:picked_up":{"minecraft:birch_log":5,"minecraft:coarse_dirt":3,"minecraft:crafting_table":4,"minecraft:allium":29,"minecraft:wheat":8,"minecraft:potato":7,"minecraft:flint":10,"minecraft:oak_log":65,"minecraft:dirt":14,"minecraft:beetroot":1,"minecraft:wheat_seeds":16,"minecraft:stone_pickaxe":5,"minecraft:iron_nugget":6,"minecraft:sugar_cane":4,"minecraft:birch_sapling":1,"minecraft:oak_planks":22,"minecraft:egg":8,"grimoireofgaia:taproot":4,"minecraft:stick":3,"minecraft:torch":31,"minecraft:porkchop":3,"minecraft:gravel":153,"minecraft:carrot":73,"grimoireofgaia:shiny_pearl":2,"minecraft:mossy_cobblestone":13,"minecraft:orange_bed":2,"minecraft:stone_sword":3,"minecraft:rotten_flesh":8,"minecraft:beetroot_seeds":3,"farmersdelight:onion":11,"minecraft:cyan_terracotta":4,"minecraft:gray_wool":1,"minecraft:baked_potato":1,"minecraft:oak_sapling":1,"minecraft:mutton":4,"minecraft:coal":7,"minecraft:white_wool":3,"minecraft:cobblestone":146},"minecraft:killed_by":{"grimoireofgaia:cecaelia":1,"minecraft:skeleton":1,"minecraft:zombie":2,"grimoireofgaia:werecat":1},"minecraft:dropped":{"minecraft:porkchop":3,"minecraft:oak_log":1,"minecraft:stone_sword":2,"grimoireofgaia:shiny_pearl":1,"minecraft:potato":1,"minecraft:torch":1},"minecraft:crafted":{"minecraft:oak_planks":24,"minecraft:cooked_porkchop":3,"minecraft:crafting_table":1,"minecraft:wooden_pickaxe":2,"minecraft:baked_potato":10,"minecraft:birch_planks":12,"minecraft:charcoal":11,"minecraft:stick":16,"minecraft:stone_pickaxe":2,"minecraft:stone_sword":1,"minecraft:torch":16},"minecraft:mined":{"minecraft:farmland":1,"minecraft:cyan_terracotta":2,"minecraft:mossy_cobblestone":4,"ars_nouveau:green_archwood_leaves":2,"farmersdelight:wild_carrots":2,"minecraft:crafting_table":3,"minecraft:allium":4,"minecraft:grass_block":5,"minecraft:tall_grass":1,"minecraft:cobblestone":7,"minecraft:sugar_cane":2,"minecraft:seagrass":2,"farmersdelight:wild_onions":13,"minecraft:tall_seagrass":5,"minecraft:coarse_dirt":1,"minecraft:carrots":16,"minecraft:birch_log":5,"minecraft:wheat":10,"minecraft:birch_leaves":2,"minecraft:grass":3,"minecraft:coal_ore":5,"minecraft:potatoes":2,"minecraft:oak_log":29,"minecraft:beetroots":1,"minecraft:gravel":119,"minecraft:dirt":2,"minecraft:stone":79,"minecraft:oak_leaves":19,"minecraft:orange_bed":2},"minecraft:custom":{"minecraft:interact_with_furnace":11,"minecraft:mob_kills":10,"minecraft:interact_with_crafting_table":9,"minecraft:open_barrel":1,"minecraft:leave_game":3,"minecraft:time_since_death":12369,"minecraft:sleep_in_bed":7,"minecraft:climb_one_cm":10580,"minecraft:time_since_rest":208,"minecraft:sprint_one_cm":95573,"minecraft:damage_taken":2427,"minecraft:walk_one_cm":414073,"minecraft:drop":7,"minecraft:damage_dealt":1801,"minecraft:swim_one_cm":61717,"minecraft:fly_one_cm":63660,"minecraft:open_chest":13,"minecraft:crouch_one_cm":1813,"minecraft:play_time":142806,"minecraft:deaths":6,"minecraft:sneak_time":798,"minecraft:walk_under_water_one_cm":65063,"minecraft:jump":1399,"minecraft:walk_on_water_one_cm":74933,"minecraft:total_world_time":142806,"minecraft:fall_one_cm":19229},"minecraft:broken":{"minecraft:wooden_pickaxe":1},"minecraft:used":{"minecraft:stone_sword":59,"minecraft:stone_pickaxe":20,"minecraft:baked_potato":1,"minecraft:wooden_pickaxe":89,"minecraft:orange_bed":1,"minecraft:torch":2,"minecraft:dirt":1,"minecraft:crafting_table":3,"minecraft:carrot":26,"minecraft:oak_log":1,"minecraft:cobblestone":5,"minecraft:potato":3,"minecraft:coarse_dirt":1}},"DataVersion":3120}