{"stats":{"minecraft:dropped":{"minecraft:iron_sword":3,"minecraft:porkchop":3,"minecraft:oak_log":5,"minecraft:red_mushroom":2,"minecraft:dirt":48,"farmersdelight:onion":4,"minecraft:bone_meal":1,"minecraft:iron_pickaxe":3,"minecraft:white_wool":1,"tconstruct:large_plate":4,"minecraft:bone":11,"minecraft:stone_axe":1,"minecraft:iron_nugget":1,"minecraft:golden_chestplate":1,"minecraft:birch_sapling":18,"minecraft:wheat":11,"twilightforest:torchberries":5,"minecraft:salmon":1,"minecraft:carrot":2,"minecraft:poppy":5,"tconstruct:sledge_hammer":1,"minecraft:charcoal":3,"minecraft:beetroot_seeds":3,"create:wrench":1,"minecraft:chest":1,"crittersandcompanions:koi_fish_bucket":1,"minecraft:iron_bars":1,"minecraft:arrow":10,"minecraft:written_book":4,"create:andesite_alloy":3,"minecraft:egg":3,"minecraft:bread":50,"minecraft:stone_hoe":1,"minecraft:iron_ingot":4,"minecraft:oak_slab":2,"minecraft:wheat_seeds":30,"minecraft:lilac":2,"twilightforest:canopy_log":7,"minecraft:stick":6,"ars_nouveau:green_archwood_sapling":1,"minecraft:torch":1,"minecraft:rose_bush":4,"twilightforest:mushgloom":3,"minecraft:string":4,"minecraft:lapis_block":1,"alexsmobs:acacia_blossom":1,"minecraft:stone_sword":2,"minecraft:spruce_fence":5,"crittersandcompanions:silk":4,"minecraft:potato":1,"minecraft:shield":1,"minecraft:allium":6,"minecraft:oak_sapling":15,"minecraft:wooden_shovel":1,"minecraft:bow":1,"minecraft:stone_pickaxe":1},"minecraft:broken":{"minecraft:iron_shovel":2,"minecraft:wooden_shovel":2,"minecraft:stone_pickaxe":3,"minecraft:golden_sword":1,"minecraft:wooden_axe":1,"minecraft:stone_hoe":1,"minecraft:wooden_pickaxe":1,"minecraft:iron_axe":1,"minecraft:iron_pickaxe":1},"minecraft:custom":{"minecraft:animals_bred":1,"minecraft:interact_with_crafting_table":27,"minecraft:open_barrel":46,"minecraft:bell_ring":8,"minecraft:leave_game":5,"minecraft:time_since_death":343869,"minecraft:sprint_one_cm":2148487,"minecraft:damage_blocked_by_shield":1450,"minecraft:drop":126,"minecraft:talked_to_villager":1,"minecraft:play_time":946185,"minecraft:deaths":14,"minecraft:jump":11509,"minecraft:walk_on_water_one_cm":366691,"minecraft:interact_with_furnace":76,"minecraft:interact_with_loom":1,"minecraft:sleep_in_bed":32,"minecraft:waystone_activated":3,"minecraft:damage_dealt":8863,"minecraft:crouch_one_cm":3863,"minecraft:interact_with_smoker":1,"minecraft:mob_kills":78,"minecraft:inspect_hopper":2,"minecraft:climb_one_cm":51708,"minecraft:walk_one_cm":1926052,"minecraft:sneak_time":2000,"minecraft:walk_under_water_one_cm":176856,"minecraft:interact_with_lectern":1,"minecraft:total_world_time":946185,"minecraft:interact_with_stonecutter":11,"minecraft:time_since_rest":675,"minecraft:damage_taken":9573,"minecraft:swim_one_cm":881143,"minecraft:fly_one_cm":1786883,"minecraft:open_chest":285,"minecraft:fall_one_cm":226669},"minecraft:picked_up":{"twilightforest:cicada_jar":1,"minecraft:wheat":169,"minecraft:flower_pot":2,"create:wrench":1,"ars_nouveau:magebloom_fiber":16,"minecraft:enchanted_book":3,"minecraft:golden_sword":1,"minecraft:lapis_block":1,"farmersdelight:cutting_board":1,"alexsmobs:gazelle_horn":3,"minecraft:string":9,"minecraft:raw_copper":380,"create:water_wheel":1,"minecraft:beetroot":1,"tconstruct:ingot_cast":4,"minecraft:gold_nugget":19,"minecraft:cobbled_deepslate":5,"farmersdelight:cabbage":2,"minecraft:red_dye":15,"minecraft:rose_bush":8,"minecraft:written_book":4,"minecraft:wooden_shovel":1,"minecraft:iron_pickaxe":7,"alexsmobs:raccoon_tail":6,"minecraft:melon_slice":51,"farmersdelight:cabbage_seeds":6,"minecraft:stick":109,"minecraft:torch":131,"minecraft:acacia_log":59,"create:andesite_casing":25,"minecraft:spruce_stairs":1,"minecraft:porkchop":33,"minecraft:cut_copper_stairs":1,"minecraft:golden_chestplate":5,"create:large_cogwheel":3,"minecraft:orange_bed":2,"minecraft:stone_sword":3,"minecraft:rotten_flesh":16,"create:scoria":5,"farmersdelight:onion":23,"minecraft:cyan_terracotta":6,"minecraft:iron_bars":2,"minecraft:cobblestone":392,"minecraft:birch_log":97,"twilightforest:twilight_oak_log":4,"tconstruct:greenheart_log":18,"minecraft:lilac":2,"farmersdelight:rice":40,"minecraft:water_bucket":3,"minecraft:andesite":120,"minecraft:jungle_log":13,"minecraft:brown_wool":1,"ars_nouveau:magebloom":1,"minecraft:potato":7,"minecraft:flint":10,"minecraft:tuff":6,"farmersdelight:carrot_crate":7,"farmersdelight:tomato":28,"minecraft:lapis_lazuli":21,"minecraft:dirt":1366,"twilightforest:canopy_sapling":4,"minecraft:bone":23,"farmersdelight:iron_knife":4,"minecraft:stonecutter":1,"minecraft:bow":4,"minecraft:wheat_seeds":96,"create:shaft":16,"minecraft:bamboo":106,"minecraft:stone_hoe":3,"create:super_glue":1,"minecraft:oak_planks":196,"twilightforest:mushgloom":3,"create:radial_chassis":4,"minecraft:cooked_porkchop":26,"tconstruct:excavator":1,"create:cogwheel":3,"minecraft:sand":34,"twilightforest:canopy_log":7,"farmersdelight:ham":4,"minecraft:mossy_cobblestone":17,"minecraft:iron_hoe":2,"create:crimsite":297,"waystones:waystone":2,"minecraft:bone_meal":24,"twilightforest:torchberries":5,"minecraft:bread":100,"minecraft:emerald":36,"alexsmobs:maggot":4,"minecraft:oak_sapling":63,"minecraft:charcoal":3,"minecraft:crafting_table":4,"minecraft:cocoa_beans":117,"minecraft:coarse_dirt":3,"tconstruct:crafting_station":5,"minecraft:allium":35,"minecraft:clay_ball":24,"minecraft:shield":2,"create:mechanical_harvester":6,"minecraft:cornflower":1,"minecraft:oak_trapdoor":8,"minecraft:beef":4,"minecraft:iron_nugget":127,"minecraft:poppy":5,"minecraft:light_gray_wool":3,"ars_nouveau:lava_lily":33,"minecraft:sugar_cane":4,"minecraft:chest":5,"minecraft:birch_sapling":35,"create:linear_chassis":8,"minecraft:egg":16,"minecraft:raw_iron":58,"minecraft:copper_ingot":23,"minecraft:spruce_fence":8,"minecraft:fire_charge":2,"farmersdelight:tomato_seeds":1,"minecraft:carrot":160,"minecraft:redstone":5,"ars_nouveau:starbuncle_charm":1,"twilightforest:firefly":2,"minecraft:arrow":32,"minecraft:beetroot_seeds":26,"minecraft:hay_block":12,"crittersandcompanions:silk":20,"tconstruct:earth_slime_sapling":1,"minecraft:mutton":13,"minecraft:skeleton_skull":4,"minecraft:white_wool":4,"farmersdelight:rich_soil":49,"create:iron_sheet":2,"minecraft:salmon":13,"minecraft:leather":4,"alexsmobs:acacia_blossom":1,"minecraft:red_mushroom":2,"minecraft:oak_log":265,"create:andesite_alloy":3,"minecraft:lily_pad":4,"farmersdelight:organic_compost":51,"twilightforest:raw_venison":3,"ars_nouveau:green_archwood_sapling":1,"tconstruct:sledge_hammer":1,"minecraft:apple":4,"minecraft:stone_bricks":8,"minecraft:kelp":38,"minecraft:rabbit_hide":8,"minecraft:iron_ingot":21,"minecraft:stone_pickaxe":8,"minecraft:acacia_sapling":19,"minecraft:iron_sword":5,"minecraft:oak_slab":3,"create:mechanical_bearing":1,"minecraft:sweet_berries":4,"minecraft:dandelion":1,"minecraft:spyglass":1,"minecraft:gravel":204,"ars_nouveau:dominion_wand":1,"tconstruct:large_plate":3,"minecraft:white_bed":2,"create:wheat_flour":4,"ars_nouveau:wilden_spike":4,"minecraft:slime_ball":12,"minecraft:stone_axe":1,"minecraft:gray_wool":5,"create:portable_storage_interface":4,"minecraft:baked_potato":15,"minecraft:coal":193,"ars_nouveau:magebloom_crop":1},"minecraft:used":{"minecraft:iron_shovel":508,"farmersdelight:cabbage_seeds":5,"ars_nouveau:magebloom_crop":1,"tconstruct:excavator":1,"minecraft:chest":13,"create:portable_storage_interface":10,"minecraft:shield":46,"minecraft:iron_sword":218,"create:mechanical_bearing":3,"twilightforest:cicada_jar":1,"create:cogwheel":7,"minecraft:carrot":156,"create:depot":1,"create:millstone":2,"minecraft:stone_bricks":2,"minecraft:golden_sword":40,"farmersdelight:cutting_board":1,"minecraft:hay_block":19,"create:shaft":4,"minecraft:egg":1,"minecraft:potato":4,"minecraft:stone_pickaxe":400,"minecraft:oak_planks":5,"create:crimsite":23,"minecraft:wooden_pickaxe":89,"farmersdelight:organic_compost":17,"minecraft:golden_apple":1,"minecraft:sand":1,"waystones:waystone":2,"minecraft:melon_slice":2,"minecraft:bread":114,"create:andesite_casing":2,"minecraft:gravel":3,"tconstruct:crafting_station":5,"minecraft:birch_log":11,"minecraft:coarse_dirt":1,"minecraft:bone_meal":38,"minecraft:oak_trapdoor":8,"create:large_cogwheel":9,"minecraft:iron_bars":1,"minecraft:stone_sword":59,"farmersdelight:rich_soil":31,"minecraft:wooden_shovel":119,"minecraft:stone_hoe":138,"minecraft:cut_copper_stairs":53,"minecraft:orange_bed":1,"minecraft:torch":60,"minecraft:dirt":719,"minecraft:hopper":3,"farmersdelight:carrot_crate":9,"minecraft:spruce_stairs":1,"minecraft:iron_hoe":161,"minecraft:wooden_axe":55,"ars_nouveau:starbuncle_charm":1,"create:wrench":40,"minecraft:iron_axe":427,"crittersandcompanions:koi_fish_bucket":9,"minecraft:bamboo":8,"create:radial_chassis":6,"farmersdelight:tomato_seeds":23,"minecraft:light_gray_bed":1,"minecraft:wheat_seeds":121,"farmersdelight:iron_knife":157,"minecraft:water_bucket":94,"minecraft:baked_potato":13,"minecraft:copper_block":5,"minecraft:stonecutter":1,"minecraft:crafting_table":4,"create:mechanical_harvester":14,"minecraft:white_bed":1,"minecraft:oak_log":13,"minecraft:wooden_hoe":2,"create:linear_chassis":10,"create:mechanical_press":1,"twilightforest:firefly":1,"minecraft:iron_pickaxe":278,"create:water_wheel":4,"minecraft:stone_axe":83,"minecraft:cobblestone":46,"minecraft:cooked_porkchop":11,"minecraft:bucket":109,"minecraft:kelp":8,"minecraft:dandelion":1,"minecraft:gray_wool":2},"minecraft:mined":{"minecraft:white_bed":2,"farmersdelight:rich_soil":26,"minecraft:farmland":8,"create:andesite_casing":25,"minecraft:jungle_leaves":12,"minecraft:acacia_log":63,"minecraft:grass_block":1252,"minecraft:dead_tube_coral_block":1,"minecraft:jungle_log":8,"minecraft:spawner":6,"minecraft:tall_seagrass":6,"minecraft:raw_iron_block":4,"farmersdelight:wild_rice":21,"minecraft:iron_ore":26,"minecraft:fire":2,"minecraft:dirt_path":3,"minecraft:iron_bars":1,"minecraft:potted_cornflower":1,"tconstruct:sky_slime_dirt":1,"farmersdelight:rich_soil_farmland":5,"minecraft:orange_bed":2,"create:radial_chassis":4,"create:cogwheel":3,"minecraft:cyan_terracotta":2,"farmersdelight:organic_compost":18,"minecraft:kelp_plant":13,"minecraft:powder_snow":1,"twilightforest:torchberry_plant":3,"minecraft:clay":4,"minecraft:torch":2,"twilightforest:twilight_oak_log":4,"minecraft:melon":3,"tconstruct:greenheart_log":6,"minecraft:chest":4,"create:scoria":5,"farmersdelight:cabbages":1,"minecraft:cobblestone":17,"minecraft:sugar_cane":2,"minecraft:seagrass":5,"farmersdelight:sandy_shrub":5,"create:portable_storage_interface":4,"minecraft:lapis_block":1,"farmersdelight:cutting_board":1,"minecraft:birch_log":72,"minecraft:wheat":28,"minecraft:lilac":1,"twilightforest:root":5,"minecraft:grass":95,"ars_nouveau:lava_lily":34,"minecraft:oak_log":217,"minecraft:beetroots":1,"minecraft:sand":36,"minecraft:dirt":298,"tconstruct:crafting_station":4,"minecraft:stonecutter":1,"twilightforest:canopy_log":7,"create:crimsite":135,"create:linear_chassis":8,"minecraft:oak_leaves":179,"minecraft:deepslate":3,"twilightforest:firefly":1,"minecraft:tuff":6,"minecraft:mossy_cobblestone":4,"ars_nouveau:green_archwood_leaves":3,"farmersdelight:wild_carrots":15,"twilightforest:mangrove_root":2,"minecraft:allium":4,"minecraft:spruce_fence":5,"create:large_cogwheel":3,"farmersdelight:tomatoes":1,"farmersdelight:wild_cabbages":6,"minecraft:kelp":4,"minecraft:hay_block":1,"twilightforest:mushgloom":3,"farmersdelight:wild_onions":18,"ars_nouveau:magebloom_crop":1,"create:shaft":2,"minecraft:oak_trapdoor":8,"minecraft:carrots":26,"minecraft:andesite":123,"minecraft:potatoes":2,"minecraft:vine":6,"crittersandcompanions:silk_cocoon":2,"minecraft:bamboo":4,"minecraft:stone":214,"minecraft:acacia_leaves":14,"minecraft:cut_copper_stairs":1,"minecraft:crafting_table":3,"minecraft:rose_bush":4,"create:water_wheel":1,"farmersdelight:carrot_crate":7,"minecraft:tall_grass":5,"minecraft:copper_ore":22,"minecraft:lily_pad":4,"twilightforest:mayapple":4,"minecraft:spruce_stairs":1,"farmersdelight:wild_beetroots":8,"create:mechanical_harvester":6,"minecraft:coarse_dirt":1,"minecraft:birch_leaves":14,"minecraft:bee_nest":1,"twilightforest:cicada_jar":1,"create:mechanical_bearing":1,"minecraft:coal_ore":69,"minecraft:cocoa":15,"minecraft:gravel":122,"twilightforest:moss_patch":1,"minecraft:stone_bricks":7,"minecraft:fern":3},"minecraft:killed":{"twilightforest:boar":3,"alexsmobs:lobster":2,"minecraft:spider":2,"minecraft:skeleton":7,"minecraft:pig":5,"minecraft:salmon":9,"twilightforest:skeleton_druid":1,"twilightforest:mist_wolf":1,"minecraft:sheep":6,"minecraft:zombie":4,"alexsmobs:terrapin":1,"minecraft:cow":1,"twilightforest:deer":1,"alexsmobs:raccoon":2,"minecraft:vindicator":1,"twilightforest:dwarf_rabbit":1,"minecraft:slime":4,"minecraft:phantom":2,"cnb:little_grebe":1,"twilightforest:swarm_spider":5,"crittersandcompanions:otter":1,"alexsmobs:skunk":1,"minecraft:rabbit":1,"twilightforest:kobold":4,"alexsmobs:catfish":1,"alexsmobs:gazelle":1,"twilightforest:bighorn_sheep":2},"minecraft:crafted":{"minecraft:oak_planks":222,"create:mechanical_harvester":8,"create:mechanical_bearing":2,"create:radial_chassis":6,"minecraft:hopper":3,"create:mechanical_press":1,"minecraft:chest":10,"minecraft:copper_block":58,"minecraft:stone_hoe":1,"create:cogwheel":8,"farmersdelight:tomato_seeds":28,"create:depot":1,"minecraft:oak_slab":6,"minecraft:wooden_shovel":2,"minecraft:cooked_porkchop":14,"minecraft:crafting_table":2,"farmersdelight:iron_knife":2,"minecraft:wooden_pickaxe":2,"minecraft:baked_potato":13,"minecraft:copper_ingot":473,"minecraft:hay_block":7,"minecraft:birch_planks":18,"minecraft:light_gray_bed":1,"farmersdelight:cutting_board":1,"minecraft:wooden_hoe":1,"minecraft:charcoal":114,"create:water_wheel":3,"minecraft:shield":2,"create:super_glue":2,"create:portable_storage_interface":6,"minecraft:stick":44,"minecraft:iron_ingot":138,"minecraft:iron_pickaxe":2,"minecraft:iron_block":1,"minecraft:stone_sword":1,"create:large_cogwheel":2,"create:chute":8,"create:wrench":3,"minecraft:iron_nugget":167,"minecraft:cut_copper_stairs":52,"ars_nouveau:magebloom_fiber":16,"minecraft:bone_meal":12,"minecraft:oak_trapdoor":8,"minecraft:polished_deepslate":92,"farmersdelight:carrot_crate":7,"minecraft:iron_axe":3,"minecraft:slime_ball":2,"create:millstone":2,"minecraft:lime_dye":2,"minecraft:stone_pickaxe":5,"create:andesite_alloy":83,"minecraft:iron_sword":2,"create:dough":2,"minecraft:bucket":3,"minecraft:stone_axe":2,"minecraft:bread":139,"minecraft:cut_copper":52,"create:linear_chassis":6,"minecraft:iron_shovel":2,"create:shaft":32,"minecraft:torch":32,"minecraft:carrot":45},"minecraft:killed_by":{"minecraft:creeper":1,"minecraft:zombie":2,"minecraft:skeleton":8}},"DataVersion":3120}