{"stats":{"minecraft:mined":{"minecraft:farmland":1,"minecraft:quartz_stairs":1,"minecraft:mossy_cobblestone":6,"minecraft:deepslate_diamond_ore":6,"ars_nouveau:green_archwood_leaves":2,"create:andesite_casing":5,"minecraft:sculk_vein":1,"farmersdelight:wild_carrots":23,"minecraft:glow_lichen":1,"minecraft:granite":14,"minecraft:allium":7,"minecraft:grass_block":180,"ars_nouveau:bastion_pod":1,"ars_nouveau:sourceberry_bush":6,"farmersdelight:wild_onions":23,"minecraft:tall_seagrass":5,"minecraft:carrots":16,"ars_nouveau:mendosteen_pod":2,"minecraft:iron_ore":19,"minecraft:andesite":108,"minecraft:pumpkin":4,"minecraft:deepslate_lapis_ore":5,"minecraft:potatoes":2,"minecraft:stripped_oak_log":3,"minecraft:stone":453,"minecraft:white_wool":3,"ars_nouveau:purple_archwood_log":2,"minecraft:orange_bed":2,"minecraft:deepslate_redstone_ore":6,"minecraft:red_bed":2,"minecraft:cyan_terracotta":2,"minecraft:crafting_table":7,"minecraft:torch":4,"minecraft:chest":4,"minecraft:mushroom_stem":5,"minecraft:tall_grass":3,"minecraft:copper_ore":20,"minecraft:cobblestone":7,"minecraft:lapis_ore":5,"minecraft:deepslate_gold_ore":18,"minecraft:sugar_cane":2,"minecraft:diorite":10,"minecraft:wall_torch":1,"minecraft:seagrass":2,"minecraft:coarse_dirt":1,"minecraft:sea_pickle":2,"minecraft:birch_log":16,"minecraft:wheat":10,"minecraft:lilac":4,"minecraft:birch_leaves":17,"minecraft:grass":13,"minecraft:oak_log":117,"minecraft:coal_ore":135,"minecraft:beetroots":1,"minecraft:gravel":253,"minecraft:sand":12,"minecraft:dirt":133,"minecraft:red_mushroom_block":45,"minecraft:gold_ore":5,"minecraft:oak_leaves":140,"minecraft:iron_trapdoor":1,"minecraft:deepslate":99,"minecraft:fern":1},"minecraft:picked_up":{"minecraft:wooden_axe":1,"minecraft:crafting_table":10,"minecraft:coarse_dirt":3,"minecraft:wheat":12,"minecraft:allium":95,"minecraft:iron_trapdoor":1,"minecraft:wooden_pickaxe":2,"minecraft:red_bed":2,"minecraft:string":2,"minecraft:raw_copper":96,"minecraft:beetroot":1,"create:water_wheel":2,"minecraft:sea_pickle":2,"minecraft:cobbled_deepslate":79,"ars_nouveau:mendosteen_pod":11,"minecraft:iron_nugget":7,"minecraft:iron_pickaxe":1,"minecraft:quartz_stairs":1,"minecraft:sugar_cane":4,"minecraft:chest":4,"minecraft:birch_sapling":3,"minecraft:egg":8,"minecraft:stick":46,"minecraft:raw_iron":17,"ars_nouveau:purple_archwood_log":5,"create:golden_sheet":2,"minecraft:torch":115,"create:andesite_casing":5,"minecraft:porkchop":3,"minecraft:diorite":18,"minecraft:carrot":94,"minecraft:redstone":25,"create:large_cogwheel":2,"minecraft:orange_bed":2,"tconstruct:sky_slime_crystal":8,"minecraft:stone_sword":3,"minecraft:arrow":2,"minecraft:rotten_flesh":9,"minecraft:beetroot_seeds":3,"farmersdelight:onion":28,"minecraft:cyan_terracotta":4,"minecraft:gold_ingot":20,"minecraft:mutton":4,"minecraft:white_wool":5,"minecraft:cobblestone":709,"minecraft:stripped_oak_log":3,"minecraft:birch_log":21,"create:iron_sheet":2,"minecraft:lilac":4,"minecraft:water_bucket":1,"minecraft:andesite":159,"ars_nouveau:source_berry":16,"minecraft:red_mushroom":34,"minecraft:potato":20,"minecraft:flint":38,"minecraft:oak_log":173,"create:andesite_alloy":9,"tconstruct:sky_slime_crystal_block":60,"minecraft:lapis_lazuli":62,"minecraft:dirt":333,"minecraft:leather_boots":1,"minecraft:glass":6,"minecraft:bone":3,"minecraft:apple":1,"minecraft:wheat_seeds":25,"minecraft:raw_gold":23,"minecraft:iron_ingot":12,"minecraft:stone_pickaxe":13,"minecraft:oak_planks":35,"minecraft:pumpkin":7,"minecraft:gravel":387,"minecraft:sand":24,"ars_nouveau:bastion_pod":1,"minecraft:mossy_cobblestone":15,"minecraft:lime_dye":1,"minecraft:diamond":6,"minecraft:granite":28,"minecraft:gray_wool":1,"minecraft:spruce_sign":1,"minecraft:bread":20,"alexsmobs:maggot":2,"minecraft:baked_potato":1,"minecraft:oak_sapling":35,"minecraft:coal":171},"minecraft:broken":{"minecraft:wooden_pickaxe":2,"minecraft:stone_pickaxe":4,"minecraft:wooden_axe":1},"minecraft:used":{"minecraft:stone_sword":59,"minecraft:chest":1,"create:mechanical_bearing":1,"minecraft:orange_bed":1,"minecraft:torch":49,"minecraft:dirt":160,"create:cogwheel":8,"ars_nouveau:bastion_pod":1,"minecraft:carrot":44,"minecraft:allium":6,"create:depot":1,"minecraft:wooden_axe":79,"create:millstone":1,"create:radial_chassis":1,"minecraft:oak_sapling":1,"minecraft:furnace":2,"minecraft:potato":3,"minecraft:pumpkin":4,"minecraft:wheat_seeds":16,"minecraft:water_bucket":9,"minecraft:diorite":1,"minecraft:baked_potato":9,"ars_nouveau:mendosteen_pod":1,"minecraft:stone_pickaxe":718,"minecraft:oak_planks":2,"minecraft:wooden_pickaxe":148,"minecraft:mossy_cobblestone":2,"minecraft:red_bed":2,"minecraft:crafting_table":9,"minecraft:oak_log":13,"create:linear_chassis":1,"minecraft:wooden_hoe":30,"minecraft:apple":1,"create:mechanical_press":1,"minecraft:iron_pickaxe":188,"minecraft:bread":17,"create:water_wheel":7,"create:andesite_casing":1,"minecraft:gravel":5,"minecraft:cobblestone":16,"minecraft:bucket":13,"minecraft:coarse_dirt":1,"minecraft:stripped_oak_log":2,"create:large_cogwheel":12},"minecraft:killed":{"minecraft:skeleton":1,"minecraft:sheep":4,"minecraft:zombie":3,"alexsmobs:terrapin":1},"minecraft:dropped":{"minecraft:water_bucket":1,"minecraft:bread":3,"minecraft:iron_ingot":1,"minecraft:porkchop":3,"minecraft:wheat_seeds":1,"minecraft:oak_log":1,"minecraft:baked_potato":1,"minecraft:crafting_table":1,"minecraft:cobblestone":128,"minecraft:lead":1,"ars_nouveau:purple_archwood_log":1,"minecraft:torch":24,"minecraft:gold_ingot":22,"minecraft:bone":3,"minecraft:gravel":1,"minecraft:stone_sword":2,"minecraft:wheat":4,"minecraft:raw_iron":6,"minecraft:lime_dye":1,"minecraft:potato":1,"minecraft:sea_pickle":4,"minecraft:allium":17,"minecraft:oak_sapling":8,"minecraft:wooden_pickaxe":1,"minecraft:arrow":1,"minecraft:stone_pickaxe":2},"minecraft:crafted":{"minecraft:oak_planks":280,"minecraft:iron_nugget":23,"minecraft:furnace":2,"create:mechanical_bearing":1,"create:radial_chassis":3,"minecraft:glass":12,"minecraft:hopper":1,"create:mechanical_press":1,"minecraft:slime_ball":2,"create:millstone":1,"minecraft:stone_pickaxe":8,"minecraft:chest":3,"create:cogwheel":7,"create:depot":1,"minecraft:oak_slab":6,"create:andesite_alloy":18,"minecraft:cooked_porkchop":3,"minecraft:crafting_table":5,"minecraft:wooden_pickaxe":3,"minecraft:baked_potato":14,"create:dough":2,"create:goggles":1,"minecraft:copper_ingot":10,"minecraft:birch_planks":12,"minecraft:bucket":3,"minecraft:charcoal":11,"create:water_wheel":5,"create:super_glue":1,"minecraft:stick":128,"minecraft:iron_ingot":13,"create:linear_chassis":3,"minecraft:iron_pickaxe":2,"minecraft:wooden_axe":1,"minecraft:iron_block":1,"minecraft:stone_sword":1,"minecraft:gold_ingot":2,"create:large_cogwheel":5,"create:shaft":32,"minecraft:torch":74},"minecraft:killed_by":{"minecraft:skeleton":3,"minecraft:zombie":3},"minecraft:custom":{"minecraft:mob_kills":13,"minecraft:interact_with_crafting_table":64,"minecraft:open_barrel":20,"minecraft:leave_game":13,"minecraft:time_since_death":37460,"minecraft:climb_one_cm":31922,"minecraft:sprint_one_cm":723156,"minecraft:walk_one_cm":1153725,"minecraft:drop":71,"minecraft:talked_to_villager":1,"minecraft:play_time":496813,"minecraft:deaths":15,"minecraft:sneak_time":1378,"minecraft:walk_under_water_one_cm":133827,"minecraft:jump":6422,"minecraft:walk_on_water_one_cm":181007,"minecraft:total_world_time":496813,"minecraft:interact_with_furnace":35,"minecraft:sleep_in_bed":18,"minecraft:time_since_rest":5998,"minecraft:damage_taken":5912,"minecraft:damage_dealt":3033,"minecraft:swim_one_cm":307474,"minecraft:fly_one_cm":571562,"minecraft:open_chest":84,"minecraft:crouch_one_cm":3198,"minecraft:fall_one_cm":138313}},"DataVersion":3120}