{
  "ars_nouveau:recipes/ars_nouveau/alchemical_sourcelink": {
    "criteria": {
      "has_journal": "2024-05-25 01:49:17 +0000"
    },
    "done": true
  },
  "minecraft:recipes/food/cooked_mutton_from_campfire_cooking": {
    "criteria": {
      "has_mutton": "2024-05-25 02:58:30 +0000"
    },
    "done": true
  },
  "ars_nouveau:recipes/ars_nouveau/red_archwood_wood": {
    "criteria": {
      "has_journal": "2024-05-25 01:49:17 +0000"
    },
    "done": true
  },
  "ars_nouveau:recipes/ars_nouveau/source_berry_roll": {
    "criteria": {
      "has_journal": "2024-05-25 01:49:17 +0000"
    },
    "done": true
  },
  "minecraft:recipes/redstone/lever": {
    "criteria": {
      "has_cobblestone": "2024-05-25 02:54:34 +0000"
    },
    "done": true
  },
  "ars_nouveau:recipes/ars_nouveau/sourcestone_20": {
    "criteria": {
      "has_journal": "2024-05-25 01:49:17 +0000"
    },
    "done": true
  },
  "ars_nouveau:recipes/ars_nouveau/sourcestone_21": {
    "criteria": {
      "has_journal": "2024-05-25 01:49:17 +0000"
    },
    "done": true
  },
  "farmersdelight:recipes/farmersdelight/organic_compost_from_rotten_flesh": {
    "criteria": {
      "has_rotten_flesh": "2024-05-25 03:24:42 +0000"
    },
    "done": true
  },
  "tconstruct:tools/materials_and_you": {
    "criteria": {
      "crafted_book": "2024-05-25 01:49:17 +0000"
    },
    "done": true
  },
  "ars_nouveau:recipes/ars_nouveau/sourcestone_17": {
    "criteria": {
      "has_journal": "2024-05-25 01:49:17 +0000"
    },
    "done": true
  },
  "ars_nouveau:recipes/ars_nouveau/sourcestone_18": {
    "criteria": {
      "has_journal": "2024-05-25 01:49:17 +0000"
    },
    "done": true
  },
  "tconstruct:internal/starting_book": {
    "criteria": {
      "tick": "2024-05-25 01:49:17 +0000"
    },
    "done": true
  },
  "ars_nouveau:recipes/ars_nouveau/sourcestone_19": {
    "criteria": {
      "has_journal": "2024-05-25 01:49:17 +0000"
    },
    "done": true
  },
  "minecraft:recipes/building_blocks/lime_concrete_powder": {
    "criteria": {
      "has_gravel": "2024-05-25 02:11:45 +0000"
    },
    "done": true
  },
  "grimoireofgaia:main/mandragora": {
    "criteria": {
      "kill": "2024-05-25 03:42:08 +0000"
    },
    "done": true
  },
  "ars_nouveau:recipes/ars_nouveau/lava_lily": {
    "criteria": {
      "has_journal": "2024-05-25 01:49:17 +0000"
    },
    "done": true
  },
  "minecraft:recipes/building_blocks/yellow_concrete_powder": {
    "criteria": {
      "has_gravel": "2024-05-25 02:11:45 +0000"
    },
    "done": true
  },
  "minecraft:recipes/decorations/crafting_table": {
    "criteria": {
      "has_planks": "2024-05-25 02:51:12 +0000"
    },
    "done": true
  },
  "minecraft:recipes/building_blocks/magenta_wool": {
    "criteria": {
      "has_white_wool": "2024-05-25 02:58:49 +0000"
    },
    "done": true
  },
  "ars_nouveau:recipes/ars_nouveau/falseweave": {
    "criteria": {
      "has_journal": "2024-05-25 01:49:17 +0000"
    },
    "done": true
  },
  "create:recipes/create.palettes/crafting/kinetics/light_gray_seat": {
    "criteria": {
      "has_wool": "2024-05-25 02:58:30 +0000"
    },
    "done": true
  },
  "minecraft:recipes/decorations/ladder": {
    "criteria": {
      "has_stick": "2024-05-25 02:51:45 +0000"
    },
    "done": true
  },
  "farmersdelight:recipes/farmersdelight/pie_crust": {
    "criteria": {
      "has_wheat": "2024-05-25 03:03:02 +0000"
    },
    "done": true
  },
  "minecraft:recipes/decorations/chest": {
    "criteria": {
      "has_lots_of_items": "2024-05-25 02:50:30 +0000"
    },
    "done": true
  },
  "ars_nouveau:recipes/ars_nouveau/smooth_gilded_sourcestone_small_bricks_stone_cutterslab": {
    "criteria": {
      "has_journal": "2024-05-25 01:49:17 +0000"
    },
    "done": true
  },
  "minecraft:recipes/transportation/mangrove_boat": {
    "criteria": {
      "in_water": "2024-05-25 01:50:34 +0000"
    },
    "done": true
  },
  "ars_nouveau:recipes/ars_nouveau/sourcestone_mosaic_stairs": {
    "criteria": {
      "has_journal": "2024-05-25 01:49:17 +0000"
    },
    "done": true
  },
  "minecraft:recipes/tools/wooden_shovel": {
    "criteria": {
      "has_stick": "2024-05-25 02:51:45 +0000"
    },
    "done": true
  },
  "minecraft:recipes/decorations/torch": {
    "criteria": {
      "has_stone_pickaxe": "2024-05-25 03:18:59 +0000"
    },
    "done": true
  },
  "farmersdelight:recipes/farmersdelight/cooking/vegetable_soup": {
    "criteria": {
      "has_any_ingredient": "2024-05-25 02:22:20 +0000"
    },
    "done": true
  },
  "minecraft:recipes/misc/stick": {
    "criteria": {
      "has_planks": "2024-05-25 02:51:12 +0000"
    },
    "done": true
  },
  "minecraft:recipes/building_blocks/mossy_cobblestone_slab_from_mossy_cobblestone_stonecutting": {
    "criteria": {
      "has_mossy_cobblestone": "2024-05-25 03:18:23 +0000"
    },
    "done": true
  },
  "ars_nouveau:recipes/ars_nouveau/smooth_gilded_sourcestone_mosaic_to_sourcestone": {
    "criteria": {
      "has_journal": "2024-05-25 01:49:17 +0000"
    },
    "done": true
  },
  "ars_nouveau:recipes/ars_nouveau/smooth_sourcestone_basketweave_stairs": {
    "criteria": {
      "has_journal": "2024-05-25 01:49:17 +0000"
    },
    "done": true
  },
  "create:recipes/create.palettes/crafting/kinetics/yellow_seat": {
    "criteria": {
      "has_wool": "2024-05-25 02:58:30 +0000"
    },
    "done": true
  },
  "ars_nouveau:recipes/ars_nouveau/blue_sbed": {
    "criteria": {
      "has_journal": "2024-05-25 01:49:17 +0000"
    },
    "done": true
  },
  "ars_nouveau:recipes/ars_nouveau/gilded_sourcestone_basketweave_to_sourcestone": {
    "criteria": {
      "has_journal": "2024-05-25 01:49:17 +0000"
    },
    "done": true
  },
  "ars_nouveau:recipes/ars_nouveau/scribes_table": {
    "criteria": {
      "has_journal": "2024-05-25 01:49:17 +0000"
    },
    "done": true
  },
  "betterdungeons:all_dungeons": {
    "criteria": {
      "in_better_zombie_dungeon": "2024-05-25 03:19:59 +0000"
    },
    "done": false
  },
  "ars_nouveau:recipes/ars_nouveau/sourcestone_alternating_stairs": {
    "criteria": {
      "has_journal": "2024-05-25 01:49:17 +0000"
    },
    "done": true
  },
  "ars_nouveau:recipes/ars_nouveau/smooth_gilded_sourcestone_mosaic_stone_cutterslab": {
    "criteria": {
      "has_journal": "2024-05-25 01:49:17 +0000"
    },
    "done": true
  },
  "ars_nouveau:recipes/building_blocks/conjuration_essence_to_soul_sand": {
    "criteria": {
      "has_journal": "2024-05-25 01:49:17 +0000"
    },
    "done": true
  },
  "minecraft:recipes/food/cake": {
    "criteria": {
      "has_egg": "2024-05-25 02:57:30 +0000"
    },
    "done": true
  },
  "ars_nouveau:recipes/ars_nouveau/ritual_containment": {
    "criteria": {
      "has_journal": "2024-05-25 01:49:17 +0000"
    },
    "done": true
  },
  "ars_nouveau:recipes/ars_nouveau/smooth_sourcestone_basketweave_stonecutter_stair": {
    "criteria": {
      "has_journal": "2024-05-25 01:49:17 +0000"
    },
    "done": true
  },
  "create:recipes/create.palettes/ornate_iron_window": {
    "criteria": {
      "has_ingredient": "2024-05-25 03:36:44 +0000"
    },
    "done": true
  },
  "undergarden:recipes/undergarden_group/shard_torch": {
    "criteria": {
      "has_stick": "2024-05-25 02:51:45 +0000"
    },
    "done": true
  },
  "minecraft:recipes/building_blocks/cobblestone_slab": {
    "criteria": {
      "has_cobblestone": "2024-05-25 02:54:34 +0000"
    },
    "done": true
  },
  "ars_nouveau:recipes/ars_nouveau/starbuncle_shades": {
    "criteria": {
      "has_journal": "2024-05-25 01:49:17 +0000"
    },
    "done": true
  },
  "minecraft:recipes/decorations/gray_bed": {
    "criteria": {
      "has_gray_wool": "2024-05-25 02:58:30 +0000"
    },
    "done": true
  },
  "ars_nouveau:recipes/ars_nouveau/purple_archwood_wood": {
    "criteria": {
      "has_journal": "2024-05-25 01:49:17 +0000"
    },
    "done": true
  },
  "ars_nouveau:recipes/ars_nouveau/manipulation_essence_to_blazin_sapling": {
    "criteria": {
      "has_journal": "2024-05-25 01:49:17 +0000"
    },
    "done": true
  },
  "ars_nouveau:recipes/building_blocks/manipulation_essence_to_andesite": {
    "criteria": {
      "has_journal": "2024-05-25 01:49:17 +0000"
    },
    "done": true
  },
  "ars_nouveau:recipes/ars_nouveau/sourcestone_basketweave_stonecutter_stair": {
    "criteria": {
      "has_journal": "2024-05-25 01:49:17 +0000"
    },
    "done": true
  },
  "minecraft:recipes/building_blocks/coarse_dirt": {
    "criteria": {
      "has_gravel": "2024-05-25 02:11:45 +0000"
    },
    "done": true
  },
  "create:recipes/create.palettes/crafting/kinetics/lime_seat": {
    "criteria": {
      "has_wool": "2024-05-25 02:58:30 +0000"
    },
    "done": true
  },
  "ars_nouveau:recipes/ars_nouveau/sourcestone_10": {
    "criteria": {
      "has_journal": "2024-05-25 01:49:17 +0000"
    },
    "done": true
  },
  "ars_nouveau:recipes/building_blocks/manipulation_essence_to_mycelium": {
    "criteria": {
      "has_journal": "2024-05-25 01:49:17 +0000"
    },
    "done": true
  },
  "brewinandchewin:recipes/brewinandchewin/cooking/vegetable_omelet": {
    "criteria": {
      "has_any_ingredient": "2024-05-25 02:57:30 +0000"
    },
    "done": true
  },
  "minecraft:recipes/building_blocks/mossy_cobblestone_stairs_from_mossy_cobblestone_stonecutting": {
    "criteria": {
      "has_mossy_cobblestone": "2024-05-25 03:18:23 +0000"
    },
    "done": true
  },
  "ars_nouveau:recipes/ars_nouveau/sourcestone_11": {
    "criteria": {
      "has_journal": "2024-05-25 01:49:17 +0000"
    },
    "done": true
  },
  "ars_nouveau:recipes/ars_nouveau/sourcestone_12": {
    "criteria": {
      "has_journal": "2024-05-25 01:49:17 +0000"
    },
    "done": true
  },
  "farmersdelight:recipes/farmersdelight/cooking/beef_stew": {
    "criteria": {
      "has_any_ingredient": "2024-05-25 02:21:50 +0000"
    },
    "done": true
  },
  "ars_nouveau:recipes/ars_nouveau/sourcestone_13": {
    "criteria": {
      "has_journal": "2024-05-25 01:49:17 +0000"
    },
    "done": true
  },
  "ars_nouveau:recipes/ars_nouveau/sourcestone_14": {
    "criteria": {
      "has_journal": "2024-05-25 01:49:17 +0000"
    },
    "done": true
  },
  "ars_nouveau:recipes/ars_nouveau/sourcestone_15": {
    "criteria": {
      "has_journal": "2024-05-25 01:49:17 +0000"
    },
    "done": true
  },
  "ars_nouveau:recipes/ars_nouveau/sourcestone_16": {
    "criteria": {
      "has_journal": "2024-05-25 01:49:17 +0000"
    },
    "done": true
  },
  "ars_nouveau:recipes/ars_nouveau/archwood_planks": {
    "criteria": {
      "has_journal": "2024-05-25 01:49:17 +0000"
    },
    "done": true
  },
  "minecraft:recipes/building_blocks/light_gray_concrete_powder": {
    "criteria": {
      "has_gravel": "2024-05-25 02:11:45 +0000"
    },
    "done": true
  },
  "farmersdelight:recipes/farmersdelight/cooking/vegetable_noodles": {
    "criteria": {
      "has_any_ingredient": "2024-05-25 02:22:20 +0000"
    },
    "done": true
  },
  "ars_nouveau:recipes/ars_nouveau/potion_diffuser": {
    "criteria": {
      "has_journal": "2024-05-25 01:49:17 +0000"
    },
    "done": true
  },
  "minecraft:recipes/building_blocks/pink_concrete_powder": {
    "criteria": {
      "has_gravel": "2024-05-25 02:11:45 +0000"
    },
    "done": true
  },
  "ars_nouveau:recipes/ars_nouveau/gilded_sourcestone_mosaic_slab": {
    "criteria": {
      "has_journal": "2024-05-25 01:49:17 +0000"
    },
    "done": true
  },
  "ars_nouveau:recipes/ars_nouveau/item_detector": {
    "criteria": {
      "has_journal": "2024-05-25 01:49:17 +0000"
    },
    "done": true
  },
  "ars_nouveau:recipes/ars_nouveau/smooth_sourcestone_mosaic_stone_cutterslab": {
    "criteria": {
      "has_journal": "2024-05-25 01:49:17 +0000"
    },
    "done": true
  },
  "ars_nouveau:recipes/ars_nouveau/gilded_sourcestone_small_bricks_stairs": {
    "criteria": {
      "has_journal": "2024-05-25 01:49:17 +0000"
    },
    "done": true
  },
  "minecraft:recipes/building_blocks/blue_wool": {
    "criteria": {
      "has_white_wool": "2024-05-25 02:58:49 +0000"
    },
    "done": true
  },
  "ars_nouveau:recipes/ars_nouveau/sourcestone_basketweave_stone_cutterslab": {
    "criteria": {
      "has_journal": "2024-05-25 01:49:17 +0000"
    },
    "done": true
  },
  "minecraft:story/obtain_armor": {
    "criteria": {
      "iron_boots": "2024-05-25 02:31:16 +0000"
    },
    "done": true
  },
  "ars_nouveau:recipes/ars_nouveau/smooth_sourcestone_mosaic_slab": {
    "criteria": {
      "has_journal": "2024-05-25 01:49:17 +0000"
    },
    "done": true
  },
  "ars_nouveau:recipes/ars_nouveau/sourcestone_small_bricks_stonecutter_stair": {
    "criteria": {
      "has_journal": "2024-05-25 01:49:17 +0000"
    },
    "done": true
  },
  "ars_nouveau:recipes/building_blocks/manipulation_essence_to_diorite": {
    "criteria": {
      "has_journal": "2024-05-25 01:49:17 +0000"
    },
    "done": true
  },
  "ars_nouveau:recipes/ars_nouveau/ritual_wilden_summon": {
    "criteria": {
      "has_journal": "2024-05-25 01:49:17 +0000"
    },
    "done": true
  },
  "minecraft:adventure/sleep_in_bed": {
    "criteria": {
      "slept_in_bed": "2024-05-25 02:24:10 +0000"
    },
    "done": true
  },
  "minecraft:recipes/building_blocks/cobblestone_slab_from_cobblestone_stonecutting": {
    "criteria": {
      "has_cobblestone": "2024-05-25 02:54:34 +0000"
    },
    "done": true
  },
  "create:recipes/create.palettes/crafting/kinetics/red_seat": {
    "criteria": {
      "has_wool": "2024-05-25 02:58:30 +0000"
    },
    "done": true
  },
  "ars_nouveau:recipes/ars_nouveau/blue_archwood_wood": {
    "criteria": {
      "has_journal": "2024-05-25 01:49:17 +0000"
    },
    "done": true
  },
  "minecraft:recipes/building_blocks/oak_stairs": {
    "criteria": {
      "has_planks": "2024-05-25 03:05:34 +0000"
    },
    "done": true
  },
  "ars_nouveau:recipes/ars_nouveau/greater_experience_gem": {
    "criteria": {
      "has_journal": "2024-05-25 01:49:17 +0000"
    },
    "done": true
  },
  "ars_nouveau:recipes/ars_nouveau/ritual_sunrise": {
    "criteria": {
      "has_journal": "2024-05-25 01:49:17 +0000"
    },
    "done": true
  },
  "minecraft:recipes/transportation/acacia_boat": {
    "criteria": {
      "in_water": "2024-05-25 01:50:34 +0000"
    },
    "done": true
  },
  "ars_nouveau:recipes/ars_nouveau/rotating_spell_turret": {
    "criteria": {
      "has_journal": "2024-05-25 01:49:17 +0000"
    },
    "done": true
  },
  "ars_nouveau:recipes/ars_nouveau/wipe_starby_shard": {
    "criteria": {
      "has_journal": "2024-05-25 01:49:17 +0000"
    },
    "done": true
  },
  "minecraft:recipes/decorations/birch_sign": {
    "criteria": {
      "has_planks": "2024-05-25 02:51:12 +0000"
    },
    "done": true
  },
  "farmersdelight:recipes/farmersdelight/cutting_board": {
    "criteria": {
      "has_stick": "2024-05-25 02:51:45 +0000"
    },
    "done": true
  },
  "ars_nouveau:recipes/ars_nouveau/blank_parchment": {
    "criteria": {
      "has_journal": "2024-05-25 01:49:17 +0000"
    },
    "done": true
  },
  "minecraft:adventure/root": {
    "criteria": {
      "killed_by_something": "2024-05-25 01:58:35 +0000"
    },
    "done": true
  },
  "ars_nouveau:recipes/ars_nouveau/sourcestone_small_bricks_slab": {
    "criteria": {
      "has_journal": "2024-05-25 01:49:17 +0000"
    },
    "done": true
  },
  "ars_nouveau:recipes/ars_nouveau/warp_scroll": {
    "criteria": {
      "has_journal": "2024-05-25 01:49:17 +0000"
    },
    "done": true
  },
  "ars_nouveau:recipes/ars_nouveau/agronomic_sourcelink": {
    "criteria": {
      "has_journal": "2024-05-25 01:49:17 +0000"
    },
    "done": true
  },
  "ars_nouveau:recipes/ars_nouveau/annotated_codex": {
    "criteria": {
      "has_journal": "2024-05-25 01:49:17 +0000"
    },
    "done": true
  },
  "minecraft:recipes/building_blocks/white_concrete_powder": {
    "criteria": {
      "has_gravel": "2024-05-25 02:11:45 +0000"
    },
    "done": true
  },
  "ars_nouveau:recipes/misc/fire_essence_to_charge": {
    "criteria": {
      "has_journal": "2024-05-25 01:49:17 +0000"
    },
    "done": true
  },
  "minecraft:adventure/kill_all_mobs": {
    "criteria": {
      "minecraft:zombie": "2024-05-25 03:24:39 +0000"
    },
    "done": false
  },
  "minecraft:recipes/building_blocks/birch_wood": {
    "criteria": {
      "has_log": "2024-05-25 02:50:16 +0000"
    },
    "done": true
  },
  "ars_nouveau:recipes/misc/spike_to_dye": {
    "criteria": {
      "has_journal": "2024-05-25 01:49:17 +0000"
    },
    "done": true
  },
  "ars_nouveau:recipes/ars_nouveau/smooth_sourcestone_large_bricks_stonecutter_stair": {
    "criteria": {
      "has_journal": "2024-05-25 01:49:17 +0000"
    },
    "done": true
  },
  "ars_nouveau:recipes/ars_nouveau/gilded_sourcestone_mosaic_to_sourcestone": {
    "criteria": {
      "has_journal": "2024-05-25 01:49:17 +0000"
    },
    "done": true
  },
  "ars_nouveau:recipes/ars_nouveau/sourcestone_basketweave_slab": {
    "criteria": {
      "has_journal": "2024-05-25 01:49:17 +0000"
    },
    "done": true
  },
  "minecraft:recipes/decorations/fletching_table": {
    "criteria": {
      "has_flint": "2024-05-25 03:38:06 +0000"
    },
    "done": true
  },
  "ars_nouveau:recipes/ars_nouveau/manipulation_essence_to_vexing_sapling": {
    "criteria": {
      "has_journal": "2024-05-25 01:49:17 +0000"
    },
    "done": true
  },
  "ars_nouveau:recipes/ars_nouveau/sourcestone": {
    "criteria": {
      "has_journal": "2024-05-25 01:49:17 +0000"
    },
    "done": true
  },
  "minecraft:recipes/misc/iron_nugget_from_smelting": {
    "criteria": {
      "has_iron_boots": "2024-05-25 02:31:16 +0000"
    },
    "done": true
  },
  "minecraft:recipes/food/cooked_mutton_from_smoking": {
    "criteria": {
      "has_mutton": "2024-05-25 02:58:30 +0000"
    },
    "done": true
  },
  "ars_nouveau:recipes/ars_nouveau/wixie_hat": {
    "criteria": {
      "has_journal": "2024-05-25 01:49:17 +0000"
    },
    "done": true
  },
  "brewinandchewin:recipes/brewinandchewin/fermenting/jerky": {
    "criteria": {
      "has_any_ingredient": "2024-05-25 03:24:42 +0000"
    },
    "done": true
  },
  "ars_nouveau:recipes/ars_nouveau/gilded_sourcestone_alternating_stonecutter_stair": {
    "criteria": {
      "has_journal": "2024-05-25 01:49:17 +0000"
    },
    "done": true
  },
  "ars_nouveau:recipes/ars_nouveau/smooth_gilded_sourcestone_basketweave_stairs": {
    "criteria": {
      "has_journal": "2024-05-25 01:49:17 +0000"
    },
    "done": true
  },
  "minecraft:recipes/decorations/chain": {
    "criteria": {
      "has_iron_nugget": "2024-05-25 03:36:44 +0000"
    },
    "done": true
  },
  "ars_nouveau:recipes/ars_nouveau/sourcestone_mosaic_to_sourcestone": {
    "criteria": {
      "has_journal": "2024-05-25 01:49:17 +0000"
    },
    "done": true
  },
  "ars_nouveau:recipes/ars_nouveau/red_sbed": {
    "criteria": {
      "has_journal": "2024-05-25 01:49:17 +0000"
    },
    "done": true
  },
  "farmersdelight:recipes/farmersdelight/fried_egg_from_smoking": {
    "criteria": {
      "fried_egg": "2024-05-25 02:57:30 +0000"
    },
    "done": true
  },
  "minecraft:recipes/decorations/oak_fence": {
    "criteria": {
      "has_planks": "2024-05-25 03:05:34 +0000"
    },
    "done": true
  },
  "minecraft:recipes/building_blocks/orange_concrete_powder": {
    "criteria": {
      "has_gravel": "2024-05-25 02:11:45 +0000"
    },
    "done": true
  },
  "minecraft:recipes/food/baked_potato_from_campfire_cooking": {
    "criteria": {
      "has_potato": "2024-05-25 02:21:50 +0000"
    },
    "done": true
  },
  "minecraft:recipes/food/cooked_porkchop": {
    "criteria": {
      "has_porkchop": "2024-05-25 03:49:14 +0000"
    },
    "done": true
  },
  "minecraft:recipes/building_blocks/oak_slab": {
    "criteria": {
      "has_planks": "2024-05-25 03:05:34 +0000"
    },
    "done": true
  },
  "ars_nouveau:recipes/ars_nouveau/smooth_gilded_sourcestone_small_bricks_stairs": {
    "criteria": {
      "has_journal": "2024-05-25 01:49:17 +0000"
    },
    "done": true
  },
  "ars_nouveau:recipes/ars_nouveau/archwood_button": {
    "criteria": {
      "has_journal": "2024-05-25 01:49:17 +0000"
    },
    "done": true
  },
  "ars_nouveau:recipes/ars_nouveau/smooth_gilded_sourcestone_mosaic_slab": {
    "criteria": {
      "has_journal": "2024-05-25 01:49:17 +0000"
    },
    "done": true
  },
  "minecraft:recipes/food/cooked_porkchop_from_campfire_cooking": {
    "criteria": {
      "has_porkchop": "2024-05-25 03:49:14 +0000"
    },
    "done": true
  },
  "ars_nouveau:recipes/ars_nouveau/smooth_sourcestone_mosaic_stonecutter_stair": {
    "criteria": {
      "has_journal": "2024-05-25 01:49:17 +0000"
    },
    "done": true
  },
  "ars_nouveau:recipes/ars_nouveau/archwood_pressure_plate": {
    "criteria": {
      "has_journal": "2024-05-25 01:49:17 +0000"
    },
    "done": true
  },
  "minecraft:recipes/decorations/cyan_glazed_terracotta": {
    "criteria": {
      "has_cyan_terracotta": "2024-05-25 03:23:42 +0000"
    },
    "done": true
  },
  "minecraft:recipes/building_blocks/black_wool": {
    "criteria": {
      "has_white_wool": "2024-05-25 02:58:49 +0000"
    },
    "done": true
  },
  "ars_nouveau:recipes/ars_nouveau/gilded_sourcestone_large_bricks_stonecutter_stair": {
    "criteria": {
      "has_journal": "2024-05-25 01:49:17 +0000"
    },
    "done": true
  },
  "ars_nouveau:recipes/ars_nouveau/challenge_2": {
    "criteria": {
      "has_journal": "2024-05-25 01:49:17 +0000"
    },
    "done": true
  },
  "ars_nouveau:recipes/ars_nouveau/sourcestone_small_bricks_stone_cutterslab": {
    "criteria": {
      "has_journal": "2024-05-25 01:49:17 +0000"
    },
    "done": true
  },
  "ars_nouveau:recipes/building_blocks/conjuration_essence_to_end_stone": {
    "criteria": {
      "has_journal": "2024-05-25 01:49:17 +0000"
    },
    "done": true
  },
  "ars_nouveau:recipes/ars_nouveau/source_berry_pie": {
    "criteria": {
      "has_journal": "2024-05-25 01:49:17 +0000"
    },
    "done": true
  },
  "crabbersdelight:recipes/crabbersdelight/crab_trap": {
    "criteria": {
      "has_stick": "2024-05-25 02:51:45 +0000"
    },
    "done": true
  },
  "ars_nouveau:recipes/ars_nouveau/magebloom_block": {
    "criteria": {
      "has_journal": "2024-05-25 01:49:17 +0000"
    },
    "done": true
  },
  "ars_nouveau:recipes/ars_nouveau/smooth_sourcestone_basketweave_slab": {
    "criteria": {
      "has_journal": "2024-05-25 01:49:17 +0000"
    },
    "done": true
  },
  "ars_nouveau:recipes/ars_nouveau/gilded_sourcestone_mosaic_stairs": {
    "criteria": {
      "has_journal": "2024-05-25 01:49:17 +0000"
    },
    "done": true
  },
  "ars_nouveau:recipes/ars_nouveau/gilded_sourcestone_large_bricks_slab": {
    "criteria": {
      "has_journal": "2024-05-25 01:49:17 +0000"
    },
    "done": true
  },
  "brewinandchewin:recipes/brewinandchewin/cooking/creamy_onion_soup": {
    "criteria": {
      "has_any_ingredient": "2024-05-25 02:59:54 +0000"
    },
    "done": true
  },
  "farmersdelight:recipes/farmersdelight/cooking/baked_cod_stew": {
    "criteria": {
      "has_any_ingredient": "2024-05-25 02:21:50 +0000"
    },
    "done": true
  },
  "minecraft:recipes/redstone/birch_button": {
    "criteria": {
      "has_planks": "2024-05-25 02:51:12 +0000"
    },
    "done": true
  },
  "brewinandchewin:recipes/brewinandchewin/fermenting/vodka": {
    "criteria": {
      "has_any_ingredient": "2024-05-25 02:21:50 +0000"
    },
    "done": true
  },
  "ars_nouveau:recipes/ars_nouveau/gilded_sourcestone_alternating_stone_cutterslab": {
    "criteria": {
      "has_journal": "2024-05-25 01:49:17 +0000"
    },
    "done": true
  },
  "ars_nouveau:recipes/ars_nouveau/smooth_sourcestone_basketweave_stone_cutterslab": {
    "criteria": {
      "has_journal": "2024-05-25 01:49:17 +0000"
    },
    "done": true
  },
  "ars_nouveau:recipes/ars_nouveau/gilded_sourcestone_alternating_to_sourcestone": {
    "criteria": {
      "has_journal": "2024-05-25 01:49:17 +0000"
    },
    "done": true
  },
  "farmersdelight:recipes/farmersdelight/fried_egg": {
    "criteria": {
      "fried_egg": "2024-05-25 02:57:30 +0000"
    },
    "done": true
  },
  "ars_nouveau:recipes/ars_nouveau/ritual_warping": {
    "criteria": {
      "has_journal": "2024-05-25 01:49:17 +0000"
    },
    "done": true
  },
  "ars_nouveau:recipes/ars_nouveau/sourcestone_mosaic_stone_cutterslab": {
    "criteria": {
      "has_journal": "2024-05-25 01:49:17 +0000"
    },
    "done": true
  },
  "create:recipes/create.palettes/crafting/kinetics/cyan_seat": {
    "criteria": {
      "has_wool": "2024-05-25 02:58:30 +0000"
    },
    "done": true
  },
  "minecraft:recipes/building_blocks/light_blue_wool": {
    "criteria": {
      "has_white_wool": "2024-05-25 02:58:49 +0000"
    },
    "done": true
  },
  "minecraft:recipes/combat/wooden_sword": {
    "criteria": {
      "has_stick": "2024-05-25 02:51:45 +0000"
    },
    "done": true
  },
  "minecraft:recipes/decorations/gray_banner": {
    "criteria": {
      "has_gray_wool": "2024-05-25 02:58:30 +0000"
    },
    "done": true
  },
  "minecraft:recipes/building_blocks/oak_planks": {
    "criteria": {
      "has_logs": "2024-05-25 02:11:53 +0000"
    },
    "done": true
  },
  "ars_nouveau:recipes/combat/spike_to_arrow": {
    "criteria": {
      "has_journal": "2024-05-25 01:49:17 +0000"
    },
    "done": true
  },
  "minecraft:recipes/building_blocks/gray_concrete_powder": {
    "criteria": {
      "has_gravel": "2024-05-25 02:11:45 +0000"
    },
    "done": true
  },
  "ars_nouveau:recipes/ars_nouveau/ritual_forestation": {
    "criteria": {
      "has_journal": "2024-05-25 01:49:17 +0000"
    },
    "done": true
  },
  "ars_nouveau:recipes/ars_nouveau/ritual_scrying": {
    "criteria": {
      "has_journal": "2024-05-25 01:49:17 +0000"
    },
    "done": true
  },
  "ars_nouveau:recipes/ars_nouveau/smooth_sourcestone_slab": {
    "criteria": {
      "has_journal": "2024-05-25 01:49:17 +0000"
    },
    "done": true
  },
  "ars_nouveau:recipes/ars_nouveau/ritual_moonfall": {
    "criteria": {
      "has_journal": "2024-05-25 01:49:17 +0000"
    },
    "done": true
  },
  "create:recipes/create.palettes/crafting/kinetics/magenta_seat": {
    "criteria": {
      "has_wool": "2024-05-25 02:58:30 +0000"
    },
    "done": true
  },
  "ars_nouveau:recipes/ars_nouveau/smooth_sourcestone_stonecutter_stair": {
    "criteria": {
      "has_journal": "2024-05-25 01:49:17 +0000"
    },
    "done": true
  },
  "ars_nouveau:recipes/ars_nouveau/relay": {
    "criteria": {
      "has_journal": "2024-05-25 01:49:17 +0000"
    },
    "done": true
  },
  "ars_nouveau:recipes/ars_nouveau/blaze_fiber": {
    "criteria": {
      "has_journal": "2024-05-25 01:49:17 +0000"
    },
    "done": true
  },
  "minecraft:recipes/decorations/gray_carpet": {
    "criteria": {
      "has_gray_wool": "2024-05-25 02:58:30 +0000"
    },
    "done": true
  },
  "ars_nouveau:recipes/ars_nouveau/ritual_flight": {
    "criteria": {
      "has_journal": "2024-05-25 01:49:17 +0000"
    },
    "done": true
  },
  "minecraft:recipes/building_blocks/birch_planks": {
    "criteria": {
      "has_logs": "2024-05-25 02:50:16 +0000"
    },
    "done": true
  },
  "ars_nouveau:recipes/ars_nouveau/ritual_overgrowth": {
    "criteria": {
      "has_journal": "2024-05-25 01:49:17 +0000"
    },
    "done": true
  },
  "minecraft:recipes/building_blocks/black_concrete_powder": {
    "criteria": {
      "has_gravel": "2024-05-25 02:11:45 +0000"
    },
    "done": true
  },
  "undergarden:recipes/undergarden_group/smogstem_boat": {
    "criteria": {
      "in_water": "2024-05-25 01:50:34 +0000"
    },
    "done": true
  },
  "minecraft:recipes/redstone/birch_fence_gate": {
    "criteria": {
      "has_planks": "2024-05-25 02:51:12 +0000"
    },
    "done": true
  },
  "ars_nouveau:recipes/decorations/archwood_to_chest": {
    "criteria": {
      "has_journal": "2024-05-25 01:49:17 +0000"
    },
    "done": true
  },
  "minecraft:recipes/combat/crossbow": {
    "criteria": {
      "has_stick": "2024-05-25 02:51:45 +0000"
    },
    "done": true
  },
  "create:recipes/create.palettes/crafting/kinetics/orange_seat": {
    "criteria": {
      "has_wool": "2024-05-25 02:58:30 +0000"
    },
    "done": true
  },
  "minecraft:recipes/building_blocks/yellow_wool": {
    "criteria": {
      "has_white_wool": "2024-05-25 02:58:49 +0000"
    },
    "done": true
  },
  "ars_nouveau:recipes/ars_nouveau/stripped_green_archwood_wood": {
    "criteria": {
      "has_journal": "2024-05-25 01:49:17 +0000"
    },
    "done": true
  },
  "ars_nouveau:recipes/ars_nouveau/smooth_sourcestone_mosaic_stairs": {
    "criteria": {
      "has_journal": "2024-05-25 01:49:17 +0000"
    },
    "done": true
  },
  "farmersdelight:recipes/farmersdelight/cooking/fish_stew": {
    "criteria": {
      "has_any_ingredient": "2024-05-25 02:59:54 +0000"
    },
    "done": true
  },
  "minecraft:recipes/decorations/oak_sign": {
    "criteria": {
      "has_planks": "2024-05-25 03:05:34 +0000"
    },
    "done": true
  },
  "minecraft:recipes/food/cooked_porkchop_from_smoking": {
    "criteria": {
      "has_porkchop": "2024-05-25 03:49:14 +0000"
    },
    "done": true
  },
  "minecraft:recipes/redstone/oak_trapdoor": {
    "criteria": {
      "has_planks": "2024-05-25 03:05:34 +0000"
    },
    "done": true
  },
  "ars_nouveau:recipes/ars_nouveau/smooth_gilded_sourcestone_small_bricks_to_sourcestone": {
    "criteria": {
      "has_journal": "2024-05-25 01:49:17 +0000"
    },
    "done": true
  },
  "ars_nouveau:recipes/ars_nouveau/sourcestone_small_bricks_stairs": {
    "criteria": {
      "has_journal": "2024-05-25 01:49:17 +0000"
    },
    "done": true
  },
  "ars_nouveau:recipes/ars_nouveau/smooth_gilded_sourcestone_large_bricks_to_sourcestone": {
    "criteria": {
      "has_journal": "2024-05-25 01:49:17 +0000"
    },
    "done": true
  },
  "minecraft:recipes/building_blocks/red_concrete_powder": {
    "criteria": {
      "has_gravel": "2024-05-25 02:11:45 +0000"
    },
    "done": true
  },
  "minecraft:recipes/misc/iron_nugget_from_blasting": {
    "criteria": {
      "has_iron_boots": "2024-05-25 02:31:16 +0000"
    },
    "done": true
  },
  "betterdungeons:root": {
    "criteria": {
      "always": "2024-05-25 01:49:17 +0000"
    },
    "done": true
  },
  "ars_nouveau:recipes/building_blocks/fire_essence_to_magma_block": {
    "criteria": {
      "has_journal": "2024-05-25 01:49:17 +0000"
    },
    "done": true
  },
  "minecraft:adventure/kill_a_mob": {
    "criteria": {
      "minecraft:zombie": "2024-05-25 03:24:39 +0000"
    },
    "done": true
  },
  "brewinandchewin:recipes/brewinandchewin/fermenting/beer": {
    "criteria": {
      "has_any_ingredient": "2024-05-25 03:03:02 +0000"
    },
    "done": true
  },
  "ars_nouveau:recipes/ars_nouveau/alteration_table": {
    "criteria": {
      "has_journal": "2024-05-25 01:49:17 +0000"
    },
    "done": true
  },
  "ars_nouveau:recipes/ars_nouveau/archwood_trapdoor": {
    "criteria": {
      "has_journal": "2024-05-25 01:49:17 +0000"
    },
    "done": true
  },
  "minecraft:recipes/building_blocks/stone": {
    "criteria": {
      "has_cobblestone": "2024-05-25 02:54:34 +0000"
    },
    "done": true
  },
  "ars_nouveau:recipes/ars_nouveau/smooth_gilded_sourcestone_mosaic_stairs": {
    "criteria": {
      "has_journal": "2024-05-25 01:49:17 +0000"
    },
    "done": true
  },
  "ars_nouveau:recipes/ars_nouveau/sourcestone_large_bricks_stairs": {
    "criteria": {
      "has_journal": "2024-05-25 01:49:17 +0000"
    },
    "done": true
  },
  "minecraft:adventure/adventuring_time": {
    "criteria": {
      "minecraft:snowy_slopes": "2024-05-25 02:08:09 +0000",
      "minecraft:river": "2024-05-25 02:10:02 +0000",
      "minecraft:grove": "2024-05-25 02:22:03 +0000",
      "minecraft:forest": "2024-05-25 01:49:18 +0000",
      "minecraft:old_growth_birch_forest": "2024-05-25 02:57:53 +0000",
      "minecraft:meadow": "2024-05-25 02:08:06 +0000"
    },
    "done": false
  },
  "ars_nouveau:recipes/ars_nouveau/sourcestone_large_bricks_to_sourcestone": {
    "criteria": {
      "has_journal": "2024-05-25 01:49:17 +0000"
    },
    "done": true
  },
  "ars_nouveau:recipes/ars_nouveau/smooth_sourcestone_large_bricks_slab": {
    "criteria": {
      "has_journal": "2024-05-25 01:49:17 +0000"
    },
    "done": true
  },
  "ars_nouveau:recipes/ars_nouveau/arcane_platform": {
    "criteria": {
      "has_journal": "2024-05-25 01:49:17 +0000"
    },
    "done": true
  },
  "ars_nouveau:recipes/ars_nouveau/gilded_sourcestone_mosaic_stone_cutterslab": {
    "criteria": {
      "has_journal": "2024-05-25 01:49:17 +0000"
    },
    "done": true
  },
  "ars_nouveau:recipes/ars_nouveau/gilded_sourcestone_large_bricks_stone_cutterslab": {
    "criteria": {
      "has_journal": "2024-05-25 01:49:17 +0000"
    },
    "done": true
  },
  "undergarden:recipes/undergarden_group/grongle_boat": {
    "criteria": {
      "in_water": "2024-05-25 01:50:34 +0000"
    },
    "done": true
  },
  "minecraft:recipes/combat/stone_sword": {
    "criteria": {
      "has_cobblestone": "2024-05-25 02:54:34 +0000"
    },
    "done": true
  },
  "minecraft:recipes/decorations/barrel": {
    "criteria": {
      "has_planks": "2024-05-25 02:51:12 +0000"
    },
    "done": true
  },
  "minecraft:recipes/decorations/cobblestone_wall": {
    "criteria": {
      "has_cobblestone": "2024-05-25 02:54:34 +0000"
    },
    "done": true
  },
  "ars_nouveau:recipes/ars_nouveau/potion_jar": {
    "criteria": {
      "has_journal": "2024-05-25 01:49:17 +0000"
    },
    "done": true
  },
  "minecraft:recipes/tools/stone_pickaxe": {
    "criteria": {
      "has_cobblestone": "2024-05-25 02:54:34 +0000"
    },
    "done": true
  },
  "ars_nouveau:recipes/ars_nouveau/magebloom_fiber": {
    "criteria": {
      "has_journal": "2024-05-25 01:49:17 +0000"
    },
    "done": true
  },
  "ars_nouveau:recipes/ars_nouveau/smooth_gilded_sourcestone_large_bricks_stone_cutterslab": {
    "criteria": {
      "has_journal": "2024-05-25 01:49:17 +0000"
    },
    "done": true
  },
  "ars_nouveau:recipes/ars_nouveau/experience_gem": {
    "criteria": {
      "has_journal": "2024-05-25 01:49:17 +0000"
    },
    "done": true
  },
  "minecraft:recipes/decorations/cobblestone_wall_from_cobblestone_stonecutting": {
    "criteria": {
      "has_cobblestone": "2024-05-25 02:54:34 +0000"
    },
    "done": true
  },
  "tconstruct:recipes/tconstruct/gadgets/gadgets/shuriken/flint_shuriken": {
    "criteria": {
      "has_item": "2024-05-25 03:38:06 +0000"
    },
    "done": true
  },
  "ars_nouveau:recipes/ars_nouveau/sourcestone_small_bricks_to_sourcestone": {
    "criteria": {
      "has_journal": "2024-05-25 01:49:17 +0000"
    },
    "done": true
  },
  "ars_nouveau:recipes/ars_nouveau/smooth_gilded_sourcestone_large_bricks_stairs": {
    "criteria": {
      "has_journal": "2024-05-25 01:49:17 +0000"
    },
    "done": true
  },
  "ars_nouveau:recipes/ars_nouveau/ritual_gravity": {
    "criteria": {
      "has_journal": "2024-05-25 01:49:17 +0000"
    },
    "done": true
  },
  "farmersdelight:recipes/farmersdelight/cooking/pumpkin_soup": {
    "criteria": {
      "has_any_ingredient": "2024-05-25 03:49:14 +0000"
    },
    "done": true
  },
  "ars_nouveau:recipes/ars_nouveau/gilded_sourcestone_large_bricks_stairs": {
    "criteria": {
      "has_journal": "2024-05-25 01:49:17 +0000"
    },
    "done": true
  },
  "ars_nouveau:recipes/ars_nouveau/gilded_sourcestone_mosaic_stonecutter_stair": {
    "criteria": {
      "has_journal": "2024-05-25 01:49:17 +0000"
    },
    "done": true
  },
  "ars_nouveau:recipes/ars_nouveau/sourcestone_large_bricks_slab": {
    "criteria": {
      "has_journal": "2024-05-25 01:49:17 +0000"
    },
    "done": true
  },
  "crabbersdelight:recipes/crabbersdelight/surf_and_turf": {
    "criteria": {
      "has_baked_potato": "2024-05-25 03:32:33 +0000"
    },
    "done": true
  },
  "ars_nouveau:recipes/ars_nouveau/smooth_gilded_sourcestone_small_bricks_stonecutter_stair": {
    "criteria": {
      "has_journal": "2024-05-25 01:49:17 +0000"
    },
    "done": true
  },
  "grimoireofgaia:main/root": {
    "criteria": {
      "join": "2024-05-25 01:49:17 +0000"
    },
    "done": true
  },
  "minecraft:recipes/decorations/lantern": {
    "criteria": {
      "has_iron_nugget": "2024-05-25 03:36:44 +0000"
    },
    "done": true
  },
  "ars_nouveau:recipes/ars_nouveau/mirrorweave": {
    "criteria": {
      "has_journal": "2024-05-25 01:49:17 +0000"
    },
    "done": true
  },
  "farmersdelight:recipes/farmersdelight/cooking/dumplings": {
    "criteria": {
      "has_any_ingredient": "2024-05-25 02:59:54 +0000"
    },
    "done": true
  },
  "brewinandchewin:recipes/brewinandchewin/fermenting/egg_grog": {
    "criteria": {
      "has_any_ingredient": "2024-05-25 02:57:30 +0000"
    },
    "done": true
  },
  "ars_nouveau:recipes/ars_nouveau/smooth_gilded_sourcestone_basketweave_stone_cutterslab": {
    "criteria": {
      "has_journal": "2024-05-25 01:49:17 +0000"
    },
    "done": true
  },
  "minecraft:recipes/building_blocks/light_gray_wool": {
    "criteria": {
      "has_white_wool": "2024-05-25 02:58:49 +0000"
    },
    "done": true
  },
  "ars_nouveau:recipes/ars_nouveau/manipulation_essence_to_flourishing_sapling": {
    "criteria": {
      "has_journal": "2024-05-25 01:49:17 +0000"
    },
    "done": true
  },
  "minecraft:recipes/building_blocks/red_wool": {
    "criteria": {
      "has_white_wool": "2024-05-25 02:58:49 +0000"
    },
    "done": true
  },
  "ars_nouveau:recipes/ars_nouveau/mimic_scroll": {
    "criteria": {
      "has_journal": "2024-05-25 01:49:17 +0000"
    },
    "done": true
  },
  "minecraft:recipes/tools/stone_axe": {
    "criteria": {
      "has_cobblestone": "2024-05-25 02:54:34 +0000"
    },
    "done": true
  },
  "minecraft:recipes/food/cooked_mutton": {
    "criteria": {
      "has_mutton": "2024-05-25 02:58:30 +0000"
    },
    "done": true
  },
  "ars_nouveau:recipes/ars_nouveau/gilded_sourcestone_alternating_stairs": {
    "criteria": {
      "has_journal": "2024-05-25 01:49:17 +0000"
    },
    "done": true
  },
  "undergarden:recipes/decorations/torch_ditchbulb_paste": {
    "criteria": {
      "has_stick": "2024-05-25 02:51:45 +0000"
    },
    "done": true
  },
  "ars_nouveau:recipes/ars_nouveau/smooth_sourcestone_mosaic_to_sourcestone": {
    "criteria": {
      "has_journal": "2024-05-25 01:49:17 +0000"
    },
    "done": true
  },
  "farmersdelight:recipes/farmersdelight/wheat_dough_from_eggs": {
    "criteria": {
      "has_wheat": "2024-05-25 03:03:02 +0000"
    },
    "done": true
  },
  "minecraft:recipes/building_blocks/purple_wool": {
    "criteria": {
      "has_white_wool": "2024-05-25 02:58:49 +0000"
    },
    "done": true
  },
  "ars_nouveau:recipes/ars_nouveau/smooth_sourcestone_stairs": {
    "criteria": {
      "has_journal": "2024-05-25 01:49:17 +0000"
    },
    "done": true
  },
  "ars_nouveau:recipes/ars_nouveau/sourcestone_9": {
    "criteria": {
      "has_journal": "2024-05-25 01:49:17 +0000"
    },
    "done": true
  },
  "ars_nouveau:recipes/ars_nouveau/sourcestone_8": {
    "criteria": {
      "has_journal": "2024-05-25 01:49:17 +0000"
    },
    "done": true
  },
  "ars_nouveau:recipes/ars_nouveau/sourcestone_7": {
    "criteria": {
      "has_journal": "2024-05-25 01:49:17 +0000"
    },
    "done": true
  },
  "crabbersdelight:main/root": {
    "criteria": {
      "seeds": "2024-05-25 01:49:17 +0000"
    },
    "done": true
  },
  "ars_nouveau:recipes/ars_nouveau/sourcestone_6": {
    "criteria": {
      "has_journal": "2024-05-25 01:49:17 +0000"
    },
    "done": true
  },
  "farmersdelight:recipes/food/cooking/beetroot_soup": {
    "criteria": {
      "has_beetroot": "2024-05-25 02:22:38 +0000"
    },
    "done": true
  },
  "ars_nouveau:recipes/ars_nouveau/sourcestone_5": {
    "criteria": {
      "has_journal": "2024-05-25 01:49:17 +0000"
    },
    "done": true
  },
  "farmersdelight:recipes/farmersdelight/cooking/chicken_soup": {
    "criteria": {
      "has_any_ingredient": "2024-05-25 02:22:20 +0000"
    },
    "done": true
  },
  "minecraft:recipes/building_blocks/cobblestone_stairs_from_cobblestone_stonecutting": {
    "criteria": {
      "has_cobblestone": "2024-05-25 02:54:34 +0000"
    },
    "done": true
  },
  "ars_nouveau:recipes/ars_nouveau/ritual_conjure_island_plains": {
    "criteria": {
      "has_journal": "2024-05-25 01:49:17 +0000"
    },
    "done": true
  },
  "ars_nouveau:recipes/ars_nouveau/stripped_red_archwood_wood": {
    "criteria": {
      "has_journal": "2024-05-25 01:49:17 +0000"
    },
    "done": true
  },
  "ars_nouveau:recipes/ars_nouveau/sourcestone_4": {
    "criteria": {
      "has_journal": "2024-05-25 01:49:17 +0000"
    },
    "done": true
  },
  "minecraft:recipes/building_blocks/magenta_concrete_powder": {
    "criteria": {
      "has_gravel": "2024-05-25 02:11:45 +0000"
    },
    "done": true
  },
  "ars_nouveau:recipes/ars_nouveau/sourcestone_3": {
    "criteria": {
      "has_journal": "2024-05-25 01:49:17 +0000"
    },
    "done": true
  },
  "ars_nouveau:recipes/ars_nouveau/sourcestone_2": {
    "criteria": {
      "has_journal": "2024-05-25 01:49:17 +0000"
    },
    "done": true
  },
  "ars_nouveau:recipes/ars_nouveau/sourcestone_1": {
    "criteria": {
      "has_journal": "2024-05-25 01:49:17 +0000"
    },
    "done": true
  },
  "ars_nouveau:recipes/ars_nouveau/ritual_disintegration": {
    "criteria": {
      "has_journal": "2024-05-25 01:49:17 +0000"
    },
    "done": true
  },
  "ars_nouveau:recipes/ars_nouveau/smooth_sourcestone_alternating_stonecutter_stair": {
    "criteria": {
      "has_journal": "2024-05-25 01:49:17 +0000"
    },
    "done": true
  },
  "ars_nouveau:recipes/ars_nouveau/sky_block": {
    "criteria": {
      "has_journal": "2024-05-25 01:49:17 +0000"
    },
    "done": true
  },
  "ars_nouveau:recipes/building_blocks/manipulation_essence_to_calcite": {
    "criteria": {
      "has_journal": "2024-05-25 01:49:17 +0000"
    },
    "done": true
  },
  "minecraft:recipes/decorations/white_bed": {
    "criteria": {
      "has_white_wool": "2024-05-25 02:58:49 +0000"
    },
    "done": true
  },
  "ars_nouveau:recipes/ars_nouveau/ritual_challenge": {
    "criteria": {
      "has_journal": "2024-05-25 01:49:17 +0000"
    },
    "done": true
  },
  "ars_nouveau:recipes/misc/sourceberry_to_purple": {
    "criteria": {
      "has_journal": "2024-05-25 01:49:17 +0000"
    },
    "done": true
  },
  "ars_nouveau:recipes/ars_nouveau/allow_scroll": {
    "criteria": {
      "has_journal": "2024-05-25 01:49:17 +0000"
    },
    "done": true
  },
  "minecraft:recipes/redstone/birch_pressure_plate": {
    "criteria": {
      "has_planks": "2024-05-25 02:51:12 +0000"
    },
    "done": true
  },
  "ars_nouveau:recipes/ars_nouveau/stripped_purple_archwood_wood": {
    "criteria": {
      "has_journal": "2024-05-25 01:49:17 +0000"
    },
    "done": true
  },
  "minecraft:recipes/decorations/campfire": {
    "criteria": {
      "has_stick": "2024-05-25 02:51:45 +0000"
    },
    "done": true
  },
  "minecraft:recipes/food/bread": {
    "criteria": {
      "has_wheat": "2024-05-25 03:03:02 +0000"
    },
    "done": true
  },
  "ars_nouveau:recipes/ars_nouveau/mundane_belt": {
    "criteria": {
      "has_journal": "2024-05-25 01:49:17 +0000"
    },
    "done": true
  },
  "ars_nouveau:recipes/ars_nouveau/green_sbed": {
    "criteria": {
      "has_journal": "2024-05-25 01:49:17 +0000"
    },
    "done": true
  },
  "ars_nouveau:recipes/ars_nouveau/gilded_sourcestone_small_bricks_slab": {
    "criteria": {
      "has_journal": "2024-05-25 01:49:17 +0000"
    },
    "done": true
  },
  "ars_nouveau:recipes/ars_nouveau/archwood_fence_gate": {
    "criteria": {
      "has_journal": "2024-05-25 01:49:17 +0000"
    },
    "done": true
  },
  "minecraft:recipes/building_blocks/brown_concrete_powder": {
    "criteria": {
      "has_gravel": "2024-05-25 02:11:45 +0000"
    },
    "done": true
  },
  "create:recipes/create.palettes/crafting/kinetics/blue_seat": {
    "criteria": {
      "has_wool": "2024-05-25 02:58:30 +0000"
    },
    "done": true
  },
  "ars_nouveau:recipes/ars_nouveau/sunrise_2": {
    "criteria": {
      "has_journal": "2024-05-25 01:49:17 +0000"
    },
    "done": true
  },
  "ars_nouveau:recipes/ars_nouveau/sourcestone_alternating_stonecutter_stair": {
    "criteria": {
      "has_journal": "2024-05-25 01:49:17 +0000"
    },
    "done": true
  },
  "crabbersdelight:recipes/decorations/crab_trap": {
    "criteria": {
      "has_stick": "2024-05-25 02:51:45 +0000",
      "has_the_recipe": "2024-05-25 02:51:45 +0000"
    },
    "done": true
  },
  "minecraft:recipes/building_blocks/cyan_wool": {
    "criteria": {
      "has_white_wool": "2024-05-25 02:58:49 +0000"
    },
    "done": true
  },
  "ars_nouveau:recipes/ars_nouveau/volcanic_sourcelink": {
    "criteria": {
      "has_journal": "2024-05-25 01:49:17 +0000"
    },
    "done": true
  },
  "ars_nouveau:recipes/ars_nouveau/ritual_cloudshaping": {
    "criteria": {
      "has_journal": "2024-05-25 01:49:17 +0000"
    },
    "done": true
  },
  "minecraft:recipes/transportation/spruce_boat": {
    "criteria": {
      "in_water": "2024-05-25 01:50:34 +0000"
    },
    "done": true
  },
  "create:recipes/create.palettes/oak_window": {
    "criteria": {
      "has_ingredient": "2024-05-25 03:05:34 +0000"
    },
    "done": true
  },
  "minecraft:recipes/tools/flint_and_steel": {
    "criteria": {
      "has_flint": "2024-05-25 03:38:06 +0000"
    },
    "done": true
  },
  "ars_nouveau:recipes/ars_nouveau/ring_of_potential": {
    "criteria": {
      "has_journal": "2024-05-25 01:49:17 +0000"
    },
    "done": true
  },
  "minecraft:recipes/misc/red_dye_from_beetroot": {
    "criteria": {
      "has_beetroot": "2024-05-25 02:22:38 +0000"
    },
    "done": true
  },
  "tconstruct:smeltery/cast_collector": {
    "criteria": {
      "ingot": "2024-05-25 02:49:15 +0000"
    },
    "done": false
  },
  "ars_nouveau:recipes/ars_nouveau/smooth_gilded_sourcestone_small_bricks_slab": {
    "criteria": {
      "has_journal": "2024-05-25 01:49:17 +0000"
    },
    "done": true
  },
  "minecraft:recipes/building_blocks/gray_wool": {
    "criteria": {
      "has_white_wool": "2024-05-25 02:58:49 +0000"
    },
    "done": true
  },
  "grimoireofgaia:recipes/grimoireofgaia/pearl_block": {
    "criteria": {
      "has_shiny_pearl": "2024-05-25 03:36:44 +0000"
    },
    "done": true
  },
  "ars_nouveau:recipes/ars_nouveau/archwood_fence": {
    "criteria": {
      "has_journal": "2024-05-25 01:49:17 +0000"
    },
    "done": true
  },
  "ars_nouveau:recipes/ars_nouveau/arcane_core": {
    "criteria": {
      "has_journal": "2024-05-25 01:49:17 +0000"
    },
    "done": true
  },
  "minecraft:recipes/misc/sugar_from_sugar_cane": {
    "criteria": {
      "has_sugar_cane": "2024-05-25 02:45:52 +0000"
    },
    "done": true
  },
  "ars_nouveau:recipes/ars_nouveau/smooth_sourcestone_large_bricks_stairs": {
    "criteria": {
      "has_journal": "2024-05-25 01:49:17 +0000"
    },
    "done": true
  },
  "farmersdelight:recipes/farmersdelight/steak_and_potatoes": {
    "criteria": {
      "has_baked_potato": "2024-05-25 03:32:33 +0000"
    },
    "done": true
  },
  "ars_nouveau:recipes/misc/water_essence_to_bucket": {
    "criteria": {
      "has_journal": "2024-05-25 01:49:17 +0000"
    },
    "done": true
  },
  "minecraft:husbandry/balanced_diet": {
    "criteria": {
      "baked_potato": "2024-05-25 03:52:59 +0000",
      "potato": "2024-05-25 02:23:26 +0000",
      "carrot": "2024-05-25 02:23:30 +0000"
    },
    "done": false
  },
  "minecraft:recipes/tools/wooden_hoe": {
    "criteria": {
      "has_stick": "2024-05-25 02:51:45 +0000"
    },
    "done": true
  },
  "ars_nouveau:recipes/ars_nouveau/gilded_sourcestone_basketweave_stonecutter_stair": {
    "criteria": {
      "has_journal": "2024-05-25 01:49:17 +0000"
    },
    "done": true
  },
  "ars_nouveau:recipes/ars_nouveau/stripped_blue_archwood_wood": {
    "criteria": {
      "has_journal": "2024-05-25 01:49:17 +0000"
    },
    "done": true
  },
  "minecraft:recipes/building_blocks/cobblestone_stairs": {
    "criteria": {
      "has_cobblestone": "2024-05-25 02:54:34 +0000"
    },
    "done": true
  },
  "minecraft:recipes/building_blocks/birch_slab": {
    "criteria": {
      "has_planks": "2024-05-25 02:51:12 +0000"
    },
    "done": true
  },
  "ars_nouveau:recipes/ars_nouveau/dull_trinket": {
    "criteria": {
      "has_journal": "2024-05-25 01:49:17 +0000"
    },
    "done": true
  },
  "farmersdelight:recipes/food/cooking/rabbit_stew": {
    "criteria": {
      "has_any_ingredient": "2024-05-25 02:22:20 +0000"
    },
    "done": true
  },
  "minecraft:recipes/decorations/white_banner": {
    "criteria": {
      "has_white_wool": "2024-05-25 02:58:49 +0000"
    },
    "done": true
  },
  "ars_nouveau:recipes/ars_nouveau/orange_sbed": {
    "criteria": {
      "has_journal": "2024-05-25 01:49:17 +0000"
    },
    "done": true
  },
  "minecraft:recipes/building_blocks/light_blue_concrete_powder": {
    "criteria": {
      "has_gravel": "2024-05-25 02:11:45 +0000"
    },
    "done": true
  },
  "ars_nouveau:recipes/ars_nouveau/repository": {
    "criteria": {
      "has_journal": "2024-05-25 01:49:17 +0000"
    },
    "done": true
  },
  "minecraft:recipes/decorations/mossy_cobblestone_wall": {
    "criteria": {
      "has_mossy_cobblestone": "2024-05-25 03:18:23 +0000"
    },
    "done": true
  },
  "ars_nouveau:recipes/ars_nouveau/ritual_flowering": {
    "criteria": {
      "has_journal": "2024-05-25 01:49:17 +0000"
    },
    "done": true
  },
  "minecraft:recipes/building_blocks/hay_block": {
    "criteria": {
      "has_wheat": "2024-05-25 03:03:02 +0000"
    },
    "done": true
  },
  "ars_nouveau:recipes/ars_nouveau/mycelial_sourcelink": {
    "criteria": {
      "has_journal": "2024-05-25 01:49:17 +0000"
    },
    "done": true
  },
  "ars_nouveau:recipes/ars_nouveau/ritual_fertility": {
    "criteria": {
      "has_journal": "2024-05-25 01:49:17 +0000"
    },
    "done": true
  },
  "create:recipes/create.palettes/crafting/kinetics/white_seat": {
    "criteria": {
      "has_wool": "2024-05-25 02:58:30 +0000"
    },
    "done": true
  },
  "ars_nouveau:recipes/ars_nouveau/yellow_sbed": {
    "criteria": {
      "has_journal": "2024-05-25 01:49:17 +0000"
    },
    "done": true
  },
  "minecraft:recipes/decorations/mossy_cobblestone_wall_from_mossy_cobblestone_stonecutting": {
    "criteria": {
      "has_mossy_cobblestone": "2024-05-25 03:18:23 +0000"
    },
    "done": true
  },
  "ars_nouveau:recipes/ars_nouveau/platform_to_pedestal": {
    "criteria": {
      "has_journal": "2024-05-25 01:49:17 +0000"
    },
    "done": true
  },
  "minecraft:recipes/redstone/oak_fence_gate": {
    "criteria": {
      "has_planks": "2024-05-25 03:05:34 +0000"
    },
    "done": true
  },
  "minecraft:recipes/building_blocks/purple_concrete_powder": {
    "criteria": {
      "has_gravel": "2024-05-25 02:11:45 +0000"
    },
    "done": true
  },
  "farmersdelight:recipes/farmersdelight/fried_egg_from_campfire_cooking": {
    "criteria": {
      "fried_egg": "2024-05-25 02:57:30 +0000"
    },
    "done": true
  },
  "ars_nouveau:recipes/ars_nouveau/gilded_sourcestone_basketweave_stairs": {
    "criteria": {
      "has_journal": "2024-05-25 01:49:17 +0000"
    },
    "done": true
  },
  "ars_nouveau:recipes/ars_nouveau/sourcestone_large_bricks_stone_cutterslab": {
    "criteria": {
      "has_journal": "2024-05-25 01:49:17 +0000"
    },
    "done": true
  },
  "ars_nouveau:recipes/ars_nouveau/sconce": {
    "criteria": {
      "has_journal": "2024-05-25 01:49:17 +0000"
    },
    "done": true
  },
  "undergarden:recipes/undergarden_group/gloom_o_lantern": {
    "criteria": {
      "has_torch": "2024-05-25 03:19:23 +0000"
    },
    "done": true
  },
  "minecraft:story/mine_stone": {
    "criteria": {
      "get_stone": "2024-05-25 02:54:34 +0000"
    },
    "done": true
  },
  "minecraft:recipes/decorations/furnace": {
    "criteria": {
      "has_cobblestone": "2024-05-25 02:54:34 +0000"
    },
    "done": true
  },
  "ars_nouveau:recipes/ars_nouveau/smooth_sourcestone_small_bricks_stonecutter_stair": {
    "criteria": {
      "has_journal": "2024-05-25 01:49:17 +0000"
    },
    "done": true
  },
  "minecraft:recipes/food/beetroot_soup": {
    "criteria": {
      "has_beetroot": "2024-05-25 02:22:38 +0000"
    },
    "done": true
  },
  "ars_nouveau:recipes/ars_nouveau/magebloom_block_to_magebloom": {
    "criteria": {
      "has_journal": "2024-05-25 01:49:17 +0000"
    },
    "done": true
  },
  "minecraft:recipes/misc/charcoal": {
    "criteria": {
      "has_log": "2024-05-25 02:11:53 +0000"
    },
    "done": true
  },
  "ars_nouveau:root": {
    "criteria": {
      "ars_nouveau:worn_notebook": "2024-05-25 01:49:17 +0000"
    },
    "done": true
  },
  "minecraft:recipes/building_blocks/orange_wool": {
    "criteria": {
      "has_white_wool": "2024-05-25 02:58:49 +0000"
    },
    "done": true
  },
  "minecraft:recipes/tools/wooden_pickaxe": {
    "criteria": {
      "has_stick": "2024-05-25 02:51:45 +0000"
    },
    "done": true
  },
  "create:recipes/create.palettes/crafting/kinetics/green_seat": {
    "criteria": {
      "has_wool": "2024-05-25 02:58:30 +0000"
    },
    "done": true
  },
  "minecraft:husbandry/root": {
    "criteria": {
      "consumed_item": "2024-05-25 02:23:26 +0000"
    },
    "done": true
  },
  "minecraft:recipes/transportation/birch_boat": {
    "criteria": {
      "in_water": "2024-05-25 01:50:34 +0000"
    },
    "done": true
  },
  "ars_nouveau:recipes/ars_nouveau/sourcestone_mosaic_stonecutter_stair": {
    "criteria": {
      "has_journal": "2024-05-25 01:49:17 +0000"
    },
    "done": true
  },
  "minecraft:recipes/building_blocks/green_concrete_powder": {
    "criteria": {
      "has_gravel": "2024-05-25 02:11:45 +0000"
    },
    "done": true
  },
  "ars_nouveau:recipes/ars_nouveau/end_fiber": {
    "criteria": {
      "has_journal": "2024-05-25 01:49:17 +0000"
    },
    "done": true
  },
  "ars_nouveau:recipes/ars_nouveau/deny_scroll": {
    "criteria": {
      "has_journal": "2024-05-25 01:49:17 +0000"
    },
    "done": true
  },
  "ars_nouveau:recipes/ars_nouveau/smooth_sourcestone_small_bricks_stairs": {
    "criteria": {
      "has_journal": "2024-05-25 01:49:17 +0000"
    },
    "done": true
  },
  "create:recipes/create.palettes/crafting/kinetics/purple_seat": {
    "criteria": {
      "has_wool": "2024-05-25 02:58:30 +0000"
    },
    "done": true
  },
  "ars_nouveau:recipes/ars_nouveau/ritual_restoration": {
    "criteria": {
      "has_journal": "2024-05-25 01:49:17 +0000"
    },
    "done": true
  },
  "ars_nouveau:recipes/decorations/manipulation_essence_to_moss_block": {
    "criteria": {
      "has_journal": "2024-05-25 01:49:17 +0000"
    },
    "done": true
  },
  "ars_nouveau:recipes/ars_nouveau/smooth_sourcestone_large_bricks_stone_cutterslab": {
    "criteria": {
      "has_journal": "2024-05-25 01:49:17 +0000"
    },
    "done": true
  },
  "ars_nouveau:recipes/ars_nouveau/gilded_sourcestone_large_bricks_to_sourcestone": {
    "criteria": {
      "has_journal": "2024-05-25 01:49:17 +0000"
    },
    "done": true
  },
  "farmersdelight:main/root": {
    "criteria": {
      "seeds": "2024-05-25 01:49:17 +0000"
    },
    "done": true
  },
  "ars_nouveau:recipes/ars_nouveau/archwood_chest": {
    "criteria": {
      "has_journal": "2024-05-25 01:49:17 +0000"
    },
    "done": true
  },
  "minecraft:recipes/tools/stone_hoe": {
    "criteria": {
      "has_cobblestone": "2024-05-25 02:54:34 +0000"
    },
    "done": true
  },
  "brewinandchewin:recipes/brewinandchewin/tankard": {
    "criteria": {
      "has_nugget": "2024-05-25 03:36:44 +0000"
    },
    "done": true
  },
  "minecraft:recipes/food/baked_potato_from_smoking": {
    "criteria": {
      "has_potato": "2024-05-25 02:21:50 +0000"
    },
    "done": true
  },
  "ars_nouveau:recipes/ars_nouveau/ritual_sanctuary": {
    "criteria": {
      "has_journal": "2024-05-25 01:49:17 +0000"
    },
    "done": true
  },
  "ars_nouveau:recipes/ars_nouveau/smooth_sourcestone_basketweave_to_sourcestone": {
    "criteria": {
      "has_journal": "2024-05-25 01:49:17 +0000"
    },
    "done": true
  },
  "ars_nouveau:recipes/ars_nouveau/ritual_awakening": {
    "criteria": {
      "has_journal": "2024-05-25 01:49:17 +0000"
    },
    "done": true
  },
  "create:recipes/create.palettes/crafting/kinetics/light_blue_seat": {
    "criteria": {
      "has_wool": "2024-05-25 02:58:30 +0000"
    },
    "done": true
  },
  "ars_nouveau:recipes/ars_nouveau/ghostweave": {
    "criteria": {
      "has_journal": "2024-05-25 01:49:17 +0000"
    },
    "done": true
  },
  "ars_nouveau:recipes/ars_nouveau/gilded_sourcestone_alternating_slab": {
    "criteria": {
      "has_journal": "2024-05-25 01:49:17 +0000"
    },
    "done": true
  },
  "ars_nouveau:recipes/ars_nouveau/smooth_gilded_sourcestone_alternating_stonecutter_stair": {
    "criteria": {
      "has_journal": "2024-05-25 01:49:17 +0000"
    },
    "done": true
  },
  "farmersdelight:recipes/farmersdelight/wheat_dough_from_water": {
    "criteria": {
      "has_wheat": "2024-05-25 03:03:02 +0000"
    },
    "done": true
  },
  "farmersdelight:recipes/farmersdelight/cooking/dog_food": {
    "criteria": {
      "has_any_ingredient": "2024-05-25 03:24:42 +0000"
    },
    "done": true
  },
  "minecraft:recipes/food/baked_potato": {
    "criteria": {
      "has_potato": "2024-05-25 02:21:50 +0000"
    },
    "done": true
  },
  "create:recipes/create.palettes/birch_window": {
    "criteria": {
      "has_ingredient": "2024-05-25 02:51:12 +0000"
    },
    "done": true
  },
  "minecraft:recipes/decorations/white_carpet": {
    "criteria": {
      "has_white_wool": "2024-05-25 02:58:49 +0000"
    },
    "done": true
  },
  "ars_nouveau:recipes/ars_nouveau/smooth_gilded_sourcestone_mosaic_stonecutter_stair": {
    "criteria": {
      "has_journal": "2024-05-25 01:49:17 +0000"
    },
    "done": true
  },
  "minecraft:recipes/redstone/birch_door": {
    "criteria": {
      "has_planks": "2024-05-25 02:51:12 +0000"
    },
    "done": true
  },
  "ars_nouveau:recipes/ars_nouveau/void_prism": {
    "criteria": {
      "has_journal": "2024-05-25 01:49:17 +0000"
    },
    "done": true
  },
  "create:root": {
    "criteria": {
      "0": "2024-05-25 01:49:17 +0000"
    },
    "done": true
  },
  "ars_nouveau:recipes/ars_nouveau/ritual_binding": {
    "criteria": {
      "has_journal": "2024-05-25 01:49:17 +0000"
    },
    "done": true
  },
  "ars_nouveau:recipes/ars_nouveau/potion_jar_empty": {
    "criteria": {
      "has_journal": "2024-05-25 01:49:17 +0000"
    },
    "done": true
  },
  "minecraft:story/upgrade_tools": {
    "criteria": {
      "stone_pickaxe": "2024-05-25 03:18:59 +0000"
    },
    "done": true
  },
  "tconstruct:recipes/misc/common/flint": {
    "criteria": {
      "has_item": "2024-05-25 02:11:45 +0000"
    },
    "done": true
  },
  "minecraft:recipes/transportation/oak_boat": {
    "criteria": {
      "in_water": "2024-05-25 01:50:34 +0000"
    },
    "done": true
  },
  "ars_nouveau:recipes/ars_nouveau/sourcestone_large_bricks_stonecutter_stair": {
    "criteria": {
      "has_journal": "2024-05-25 01:49:17 +0000"
    },
    "done": true
  },
  "ars_nouveau:recipes/misc/magebloom_to_pink": {
    "criteria": {
      "has_journal": "2024-05-25 01:49:17 +0000"
    },
    "done": true
  },
  "ars_nouveau:recipes/ars_nouveau/smooth_gilded_sourcestone_basketweave_slab": {
    "criteria": {
      "has_journal": "2024-05-25 01:49:17 +0000"
    },
    "done": true
  },
  "minecraft:recipes/decorations/birch_fence": {
    "criteria": {
      "has_planks": "2024-05-25 02:51:12 +0000"
    },
    "done": true
  },
  "ars_nouveau:recipes/ars_nouveau/worn_notebook": {
    "criteria": {
      "has_journal": "2024-05-25 01:49:17 +0000"
    },
    "done": true
  },
  "ars_nouveau:recipes/ars_nouveau/archwood_stairs": {
    "criteria": {
      "has_journal": "2024-05-25 01:49:17 +0000"
    },
    "done": true
  },
  "minecraft:recipes/building_blocks/cyan_concrete_powder": {
    "criteria": {
      "has_gravel": "2024-05-25 02:11:45 +0000"
    },
    "done": true
  },
  "ars_nouveau:recipes/ars_nouveau/ritual_animal_summon": {
    "criteria": {
      "has_journal": "2024-05-25 01:49:17 +0000"
    },
    "done": true
  },
  "ars_nouveau:recipes/ars_nouveau/smooth_gilded_sourcestone_alternating_to_sourcestone": {
    "criteria": {
      "has_journal": "2024-05-25 01:49:17 +0000"
    },
    "done": true
  },
  "ars_nouveau:recipes/misc/wing_to_leather": {
    "criteria": {
      "has_journal": "2024-05-25 01:49:17 +0000"
    },
    "done": true
  },
  "ars_nouveau:recipes/ars_nouveau/sourcestone_basketweave_to_sourcestone": {
    "criteria": {
      "has_journal": "2024-05-25 01:49:17 +0000"
    },
    "done": true
  },
  "ars_nouveau:recipes/ars_nouveau/smooth_sourcestone_alternating_slab": {
    "criteria": {
      "has_journal": "2024-05-25 01:49:17 +0000"
    },
    "done": true
  },
  "ars_nouveau:recipes/ars_nouveau/source_jar": {
    "criteria": {
      "has_journal": "2024-05-25 01:49:17 +0000"
    },
    "done": true
  },
  "undergarden:recipes/undergarden_group/wigglewood_boat": {
    "criteria": {
      "in_water": "2024-05-25 01:50:34 +0000"
    },
    "done": true
  },
  "minecraft:recipes/tools/wooden_axe": {
    "criteria": {
      "has_stick": "2024-05-25 02:51:45 +0000"
    },
    "done": true
  },
  "minecraft:recipes/building_blocks/lime_wool": {
    "criteria": {
      "has_white_wool": "2024-05-25 02:58:49 +0000"
    },
    "done": true
  },
  "ars_nouveau:recipes/ars_nouveau/gilded_sourcestone_small_bricks_to_sourcestone": {
    "criteria": {
      "has_journal": "2024-05-25 01:49:17 +0000"
    },
    "done": true
  },
  "minecraft:recipes/misc/paper": {
    "criteria": {
      "has_reeds": "2024-05-25 02:45:52 +0000"
    },
    "done": true
  },
  "ars_nouveau:recipes/ars_nouveau/gilded_sourcestone_basketweave_slab": {
    "criteria": {
      "has_journal": "2024-05-25 01:49:17 +0000"
    },
    "done": true
  },
  "create:recipes/create.palettes/crafting/kinetics/gray_seat": {
    "criteria": {
      "has_wool": "2024-05-25 02:58:30 +0000"
    },
    "done": true
  },
  "ars_nouveau:recipes/ars_nouveau/blank_thread": {
    "criteria": {
      "has_journal": "2024-05-25 01:49:17 +0000"
    },
    "done": true
  },
  "farmersdelight:recipes/farmersdelight/cooking/fried_rice": {
    "criteria": {
      "has_any_ingredient": "2024-05-25 02:22:20 +0000"
    },
    "done": true
  },
  "minecraft:recipes/building_blocks/green_wool": {
    "criteria": {
      "has_white_wool": "2024-05-25 02:58:49 +0000"
    },
    "done": true
  },
  "ars_nouveau:recipes/ars_nouveau/dowsing_rod": {
    "criteria": {
      "has_journal": "2024-05-25 01:49:17 +0000"
    },
    "done": true
  },
  "ars_nouveau:recipes/ars_nouveau/imbuement_chamber": {
    "criteria": {
      "has_journal": "2024-05-25 01:49:17 +0000"
    },
    "done": true
  },
  "ars_nouveau:recipes/ars_nouveau/runic_chalk": {
    "criteria": {
      "has_journal": "2024-05-25 01:49:17 +0000"
    },
    "done": true
  },
  "ars_nouveau:recipes/ars_nouveau/gilded_sourcestone_small_bricks_stone_cutterslab": {
    "criteria": {
      "has_journal": "2024-05-25 01:49:17 +0000"
    },
    "done": true
  },
  "minecraft:recipes/building_blocks/brown_wool": {
    "criteria": {
      "has_white_wool": "2024-05-25 02:58:49 +0000"
    },
    "done": true
  },
  "ars_nouveau:recipes/misc/air_essence_to_snow_bucket": {
    "criteria": {
      "has_journal": "2024-05-25 01:49:17 +0000"
    },
    "done": true
  },
  "ars_nouveau:recipes/ars_nouveau/smooth_sourcestone_small_bricks_stone_cutterslab": {
    "criteria": {
      "has_journal": "2024-05-25 01:49:17 +0000"
    },
    "done": true
  },
  "ars_nouveau:recipes/ars_nouveau/ritual_brazier": {
    "criteria": {
      "has_journal": "2024-05-25 01:49:17 +0000"
    },
    "done": true
  },
  "ars_nouveau:recipes/ars_nouveau/smooth_gilded_sourcestone_alternating_stairs": {
    "criteria": {
      "has_journal": "2024-05-25 01:49:17 +0000"
    },
    "done": true
  },
  "farmersdelight:recipes/farmersdelight/cooking/pasta_with_mutton_chop": {
    "criteria": {
      "has_any_ingredient": "2024-05-25 02:58:30 +0000"
    },
    "done": true
  },
  "ars_nouveau:recipes/ars_nouveau/enchanting_apparatus": {
    "criteria": {
      "has_journal": "2024-05-25 01:49:17 +0000"
    },
    "done": true
  },
  "minecraft:recipes/decorations/painting": {
    "criteria": {
      "has_wool": "2024-05-25 02:58:30 +0000"
    },
    "done": true
  },
  "farmersdelight:recipes/farmersdelight/cooking/ratatouille": {
    "criteria": {
      "has_any_ingredient": "2024-05-25 02:22:38 +0000"
    },
    "done": true
  },
  "undergarden:undergarden/root": {
    "criteria": {
      "tick": "2024-05-25 01:49:17 +0000"
    },
    "done": true
  },
  "ars_nouveau:recipes/ars_nouveau/smooth_sourcestone_alternating_stone_cutterslab": {
    "criteria": {
      "has_journal": "2024-05-25 01:49:17 +0000"
    },
    "done": true
  },
  "minecraft:recipes/combat/arrow": {
    "criteria": {
      "has_flint": "2024-05-25 03:38:06 +0000"
    },
    "done": true
  },
  "minecraft:recipes/building_blocks/coal_block": {
    "criteria": {
      "has_coal": "2024-05-25 03:06:42 +0000"
    },
    "done": true
  },
  "ars_nouveau:recipes/ars_nouveau/sourcestone_alternating_slab": {
    "criteria": {
      "has_journal": "2024-05-25 01:49:17 +0000"
    },
    "done": true
  },
  "undergarden:recipes/undergarden_group/slingshot": {
    "criteria": {
      "has_stick": "2024-05-25 02:51:45 +0000"
    },
    "done": true
  },
  "ars_nouveau:recipes/ars_nouveau/purple_sbed": {
    "criteria": {
      "has_journal": "2024-05-25 01:49:17 +0000"
    },
    "done": true
  },
  "ars_nouveau:recipes/ars_nouveau/gilded_sourcestone_basketweave_stone_cutterslab": {
    "criteria": {
      "has_journal": "2024-05-25 01:49:17 +0000"
    },
    "done": true
  },
  "minecraft:recipes/tools/stone_shovel": {
    "criteria": {
      "has_cobblestone": "2024-05-25 02:54:34 +0000"
    },
    "done": true
  },
  "betterdungeons:zombie_dungeon": {
    "criteria": {
      "in_better_zombie_dungeon": "2024-05-25 03:19:59 +0000"
    },
    "done": true
  },
  "farmersdelight:main/get_fd_seed": {
    "criteria": {
      "onion": "2024-05-25 02:59:54 +0000"
    },
    "done": true
  },
  "ars_nouveau:recipes/ars_nouveau/wilden_summon_alt": {
    "criteria": {
      "has_journal": "2024-05-25 01:49:17 +0000"
    },
    "done": true
  },
  "ars_nouveau:recipes/ars_nouveau/archwood_slab": {
    "criteria": {
      "has_journal": "2024-05-25 01:49:17 +0000"
    },
    "done": true
  },
  "minecraft:recipes/building_blocks/blue_concrete_powder": {
    "criteria": {
      "has_gravel": "2024-05-25 02:11:45 +0000"
    },
    "done": true
  },
  "minecraft:recipes/building_blocks/mossy_cobblestone_slab": {
    "criteria": {
      "has_mossy_cobblestone": "2024-05-25 03:18:23 +0000"
    },
    "done": true
  },
  "ars_nouveau:recipes/building_blocks/water_essence_to_obsidian": {
    "criteria": {
      "has_journal": "2024-05-25 01:49:17 +0000"
    },
    "done": true
  },
  "ars_nouveau:recipes/ars_nouveau/ritual_burrowing": {
    "criteria": {
      "has_journal": "2024-05-25 01:49:17 +0000"
    },
    "done": true
  },
  "create:recipes/create.palettes/crafting/kinetics/brown_seat": {
    "criteria": {
      "has_wool": "2024-05-25 02:58:30 +0000"
    },
    "done": true
  },
  "ars_nouveau:recipes/ars_nouveau/sourcestone_alternating_stone_cutterslab": {
    "criteria": {
      "has_journal": "2024-05-25 01:49:17 +0000"
    },
    "done": true
  },
  "tconstruct:recipes/tconstruct/general/tables/cast_chest": {
    "criteria": {
      "has_item": "2024-05-25 02:49:15 +0000"
    },
    "done": true
  },
  "minecraft:recipes/redstone/oak_pressure_plate": {
    "criteria": {
      "has_planks": "2024-05-25 03:05:34 +0000"
    },
    "done": true
  },
  "create:recipes/create.palettes/crafting/kinetics/black_seat": {
    "criteria": {
      "has_wool": "2024-05-25 02:58:30 +0000"
    },
    "done": true
  },
  "undergarden:recipes/decorations/undergarden_scaffolding": {
    "criteria": {
      "has_stick": "2024-05-25 02:51:45 +0000"
    },
    "done": true
  },
  "crabbersdelight:recipes/food/surf_and_turf": {
    "criteria": {
      "has_baked_potato": "2024-05-25 03:32:33 +0000",
      "has_the_recipe": "2024-05-25 03:32:33 +0000"
    },
    "done": true
  },
  "tconstruct:smeltery/gold_casting": {
    "criteria": {
      "crafted_cast": "2024-05-25 02:49:15 +0000"
    },
    "done": true
  },
  "ars_nouveau:recipes/ars_nouveau/smooth_gilded_sourcestone_basketweave_stonecutter_stair": {
    "criteria": {
      "has_journal": "2024-05-25 01:49:17 +0000"
    },
    "done": true
  },
  "ars_nouveau:recipes/building_blocks/manipulation_essence_to_granite": {
    "criteria": {
      "has_journal": "2024-05-25 01:49:17 +0000"
    },
    "done": true
  },
  "minecraft:recipes/building_blocks/oak_wood": {
    "criteria": {
      "has_log": "2024-05-25 02:11:53 +0000"
    },
    "done": true
  },
  "minecraft:story/root": {
    "criteria": {
      "crafting_table": "2024-05-25 03:05:49 +0000"
    },
    "done": true
  },
  "ars_nouveau:recipes/ars_nouveau/ritual_conjure_island_desert": {
    "criteria": {
      "has_journal": "2024-05-25 01:49:17 +0000"
    },
    "done": true
  },
  "ars_nouveau:recipes/ars_nouveau/mob_jar": {
    "criteria": {
      "has_journal": "2024-05-25 01:49:17 +0000"
    },
    "done": true
  },
  "ars_nouveau:recipes/ars_nouveau/smooth_gilded_sourcestone_alternating_stone_cutterslab": {
    "criteria": {
      "has_journal": "2024-05-25 01:49:17 +0000"
    },
    "done": true
  },
  "farmersdelight:recipes/farmersdelight/cooking/noodle_soup": {
    "criteria": {
      "has_any_ingredient": "2024-05-25 03:49:14 +0000"
    },
    "done": true
  },
  "ars_nouveau:recipes/ars_nouveau/sourcestone_mosaic_slab": {
    "criteria": {
      "has_journal": "2024-05-25 01:49:17 +0000"
    },
    "done": true
  },
  "create:recipes/create.base/crafting/appliances/crafting_blueprint": {
    "criteria": {
      "has_item": "2024-05-25 03:05:50 +0000"
    },
    "done": true
  },
  "ars_nouveau:recipes/ars_nouveau/gilded_sourcestone_small_bricks_stonecutter_stair": {
    "criteria": {
      "has_journal": "2024-05-25 01:49:17 +0000"
    },
    "done": true
  },
  "minecraft:recipes/redstone/oak_button": {
    "criteria": {
      "has_planks": "2024-05-25 03:05:34 +0000"
    },
    "done": true
  },
  "ars_nouveau:recipes/building_blocks/manipulation_essence_to_grass_block": {
    "criteria": {
      "has_journal": "2024-05-25 01:49:17 +0000"
    },
    "done": true
  },
  "ars_nouveau:recipes/ars_nouveau/sourcestone_basketweave_stairs": {
    "criteria": {
      "has_journal": "2024-05-25 01:49:17 +0000"
    },
    "done": true
  },
  "ars_nouveau:recipes/ars_nouveau/smooth_gilded_sourcestone_alternating_slab": {
    "criteria": {
      "has_journal": "2024-05-25 01:49:17 +0000"
    },
    "done": true
  },
  "ars_nouveau:recipes/ars_nouveau/ritual_harvest": {
    "criteria": {
      "has_journal": "2024-05-25 01:49:17 +0000"
    },
    "done": true
  },
  "ars_nouveau:recipes/ars_nouveau/smooth_sourcestone_small_bricks_to_sourcestone": {
    "criteria": {
      "has_journal": "2024-05-25 01:49:17 +0000"
    },
    "done": true
  },
  "farmersdelight:recipes/farmersdelight/flint_knife": {
    "criteria": {
      "has_stick": "2024-05-25 02:51:45 +0000"
    },
    "done": true
  },
  "ars_nouveau:recipes/ars_nouveau/smooth_gilded_sourcestone_large_bricks_stonecutter_stair": {
    "criteria": {
      "has_journal": "2024-05-25 01:49:17 +0000"
    },
    "done": true
  },
  "ars_nouveau:recipes/ars_nouveau/clear_allow": {
    "criteria": {
      "has_journal": "2024-05-25 01:49:17 +0000"
    },
    "done": true
  },
  "farmersdelight:recipes/farmersdelight/stuffed_potato": {
    "criteria": {
      "has_baked_potato": "2024-05-25 03:32:33 +0000"
    },
    "done": true
  },
  "ars_nouveau:recipes/ars_nouveau/smooth_gilded_sourcestone_basketweave_to_sourcestone": {
    "criteria": {
      "has_journal": "2024-05-25 01:49:17 +0000"
    },
    "done": true
  },
  "ars_nouveau:recipes/ars_nouveau/arcane_pedestal": {
    "criteria": {
      "has_journal": "2024-05-25 01:49:17 +0000"
    },
    "done": true
  },
  "ars_nouveau:recipes/ars_nouveau/spell_prism": {
    "criteria": {
      "has_journal": "2024-05-25 01:49:17 +0000"
    },
    "done": true
  },
  "ars_nouveau:recipes/building_blocks/manipulation_essence_to_deepslate": {
    "criteria": {
      "has_journal": "2024-05-25 01:49:17 +0000"
    },
    "done": true
  },
  "minecraft:recipes/misc/magenta_dye_from_allium": {
    "criteria": {
      "has_allium": "2024-05-25 02:59:54 +0000"
    },
    "done": true
  },
  "ars_nouveau:recipes/ars_nouveau/scry_to_blank_parchment": {
    "criteria": {
      "has_journal": "2024-05-25 01:49:17 +0000"
    },
    "done": true
  },
  "ars_nouveau:recipes/ars_nouveau/green_archwood_wood": {
    "criteria": {
      "has_journal": "2024-05-25 01:49:17 +0000"
    },
    "done": true
  },
  "create:recipes/create.palettes/crafting/kinetics/pink_seat": {
    "criteria": {
      "has_wool": "2024-05-25 02:58:30 +0000"
    },
    "done": true
  },
  "minecraft:recipes/misc/iron_ingot_from_nuggets": {
    "criteria": {
      "has_iron_nugget": "2024-05-25 03:36:44 +0000"
    },
    "done": true
  },
  "minecraft:recipes/redstone/oak_door": {
    "criteria": {
      "has_planks": "2024-05-25 03:05:34 +0000"
    },
    "done": true
  },
  "ars_nouveau:recipes/ars_nouveau/smooth_sourcestone_alternating_stairs": {
    "criteria": {
      "has_journal": "2024-05-25 01:49:17 +0000"
    },
    "done": true
  },
  "ars_nouveau:recipes/ars_nouveau/source_gem_block": {
    "criteria": {
      "has_journal": "2024-05-25 01:49:17 +0000"
    },
    "done": true
  },
  "minecraft:recipes/transportation/jungle_boat": {
    "criteria": {
      "in_water": "2024-05-25 01:50:34 +0000"
    },
    "done": true
  },
  "ars_nouveau:recipes/building_blocks/manipulation_essence_to_tuff": {
    "criteria": {
      "has_journal": "2024-05-25 01:49:17 +0000"
    },
    "done": true
  },
  "ars_nouveau:recipes/ars_nouveau/source_gem_block_2": {
    "criteria": {
      "has_journal": "2024-05-25 01:49:17 +0000"
    },
    "done": true
  },
  "ars_nouveau:recipes/ars_nouveau/moonfall_2": {
    "criteria": {
      "has_journal": "2024-05-25 01:49:17 +0000"
    },
    "done": true
  },
  "ars_nouveau:recipes/ars_nouveau/smooth_sourcestone_small_bricks_slab": {
    "criteria": {
      "has_journal": "2024-05-25 01:49:17 +0000"
    },
    "done": true
  },
  "minecraft:recipes/building_blocks/birch_stairs": {
    "criteria": {
      "has_planks": "2024-05-25 02:51:12 +0000"
    },
    "done": true
  },
  "farmersdelight:recipes/farmersdelight/onion_crate": {
    "criteria": {
      "has_onion": "2024-05-25 02:59:54 +0000"
    },
    "done": true
  },
  "ars_nouveau:recipes/ars_nouveau/archwood_door": {
    "criteria": {
      "has_journal": "2024-05-25 01:49:17 +0000"
    },
    "done": true
  },
  "tconstruct:recipes/tconstruct/general/tables/pattern": {
    "criteria": {
      "has_item": "2024-05-25 02:51:45 +0000"
    },
    "done": true
  },
  "minecraft:recipes/transportation/dark_oak_boat": {
    "criteria": {
      "in_water": "2024-05-25 01:50:34 +0000"
    },
    "done": true
  },
  "minecraft:recipes/transportation/carrot_on_a_stick": {
    "criteria": {
      "has_carrot": "2024-05-25 02:22:20 +0000"
    },
    "done": true
  },
  "minecraft:recipes/building_blocks/pink_wool": {
    "criteria": {
      "has_white_wool": "2024-05-25 02:58:49 +0000"
    },
    "done": true
  },
  "ars_nouveau:recipes/ars_nouveau/smooth_sourcestone_stone_cutterslab": {
    "criteria": {
      "has_journal": "2024-05-25 01:49:17 +0000"
    },
    "done": true
  },
  "ars_nouveau:recipes/ars_nouveau/sourcestone_alternating_to_sourcestone": {
    "criteria": {
      "has_journal": "2024-05-25 01:49:17 +0000"
    },
    "done": true
  },
  "ars_nouveau:recipes/ars_nouveau/rotating_turret_to_basic_spell_turret": {
    "criteria": {
      "has_journal": "2024-05-25 01:49:17 +0000"
    },
    "done": true
  },
  "ars_nouveau:recipes/ars_nouveau/basic_spell_turret": {
    "criteria": {
      "has_journal": "2024-05-25 01:49:17 +0000"
    },
    "done": true
  },
  "minecraft:recipes/redstone/birch_trapdoor": {
    "criteria": {
      "has_planks": "2024-05-25 02:51:12 +0000"
    },
    "done": true
  },
  "ars_nouveau:recipes/ars_nouveau/vitalic_sourcelink": {
    "criteria": {
      "has_journal": "2024-05-25 01:49:17 +0000"
    },
    "done": true
  },
  "ars_nouveau:recipes/ars_nouveau/manipulation_essence_to_cascading_sapling": {
    "criteria": {
      "has_journal": "2024-05-25 01:49:17 +0000"
    },
    "done": true
  },
  "farmersdelight:recipes/farmersdelight/barbecue_stick": {
    "criteria": {
      "has_onion": "2024-05-25 02:59:54 +0000"
    },
    "done": true
  },
  "ars_nouveau:recipes/ars_nouveau/smooth_sourcestone_alternating_to_sourcestone": {
    "criteria": {
      "has_journal": "2024-05-25 01:49:17 +0000"
    },
    "done": true
  },
  "ars_nouveau:recipes/ars_nouveau/redstone_relay": {
    "criteria": {
      "has_journal": "2024-05-25 01:49:17 +0000"
    },
    "done": true
  },
  "ars_nouveau:recipes/ars_nouveau/smooth_sourcestone_to_sourcestone": {
    "criteria": {
      "has_journal": "2024-05-25 01:49:17 +0000"
    },
    "done": true
  },
  "ars_nouveau:recipes/ars_nouveau/scryers_crystal": {
    "criteria": {
      "has_journal": "2024-05-25 01:49:17 +0000"
    },
    "done": true
  },
  "ars_nouveau:recipes/ars_nouveau/smooth_gilded_sourcestone_large_bricks_slab": {
    "criteria": {
      "has_journal": "2024-05-25 01:49:17 +0000"
    },
    "done": true
  },
  "minecraft:recipes/decorations/soul_campfire": {
    "criteria": {
      "has_stick": "2024-05-25 02:51:45 +0000"
    },
    "done": true
  },
  "minecraft:recipes/building_blocks/mossy_cobblestone_stairs": {
    "criteria": {
      "has_mossy_cobblestone": "2024-05-25 03:18:23 +0000"
    },
    "done": true
  },
  "ars_nouveau:recipes/ars_nouveau/smooth_sourcestone_large_bricks_to_sourcestone": {
    "criteria": {
      "has_journal": "2024-05-25 01:49:17 +0000"
    },
    "done": true
  },
  "ars_nouveau:recipes/misc/horn_to_bonemeal": {
    "criteria": {
      "has_journal": "2024-05-25 01:49:17 +0000"
    },
    "done": true
  },
  "ars_nouveau:recipes/ars_nouveau/wipe_spell_parchment": {
    "criteria": {
      "has_journal": "2024-05-25 01:49:17 +0000"
    },
    "done": true
  },
  "ars_nouveau:recipes/ars_nouveau/clear_deny": {
    "criteria": {
      "has_journal": "2024-05-25 01:49:17 +0000"
    },
    "done": true
  },
  "ars_nouveau:recipes/ars_nouveau/magelight_torch": {
    "criteria": {
      "has_journal": "2024-05-25 01:49:17 +0000"
    },
    "done": true
  },
  "DataVersion": 3120
}